# total emitted fluorescence by all leaves for wavelengths of 640 to 850 nm, with 1 nm resolution 
# W m-2 um-1 
0.0000,0.0000,0.0000,0.0000,0.0000,0.0000,0.0000,0.0000,0.0000,0.0000,0.0000,0.0000,0.0000,0.0000,0.0000,0.0000,0.0000,0.0000,0.0000,0.0000,0.0000,0.0000,0.0000,0.0000,0.0000,0.0000,0.0000,0.0000,0.0000,0.0000,0.0000,0.0000,0.0000,0.0000,0.0000,0.0000,0.0000,0.0000,0.0000,0.0000,0.0000,0.0000,0.0000,0.0000,0.0000,0.0000,0.0000,0.0000,0.0000,0.0000,0.0000,0.0000,0.0000,0.0000,0.0000,0.0000,0.0000,0.0000,0.0000,0.0000,0.0000,0.0000,0.0000,0.0000,0.0000,0.0000,0.0000,0.0000,0.0000,0.0000,0.0000,0.0000,0.0000,0.0000,0.0000,0.0000,0.0000,0.0000,0.0000,0.0000,0.0000,0.0000,0.0000,0.0000,0.0000,0.0000,0.0000,0.0000,0.0000,0.0000,0.0000,0.0000,0.0000,0.0000,0.0000,0.0000,0.0000,0.0000,0.0000,0.0000,0.0000,0.0000,0.0000,0.0000,0.0000,0.0000,0.0000,0.0000,0.0000,0.0000,0.0000,0.0000,0.0000,0.0000,0.0000,0.0000,0.0000,0.0000,0.0000,0.0000,0.0000,0.0000,0.0000,0.0000,0.0000,0.0000,0.0000,0.0000,0.0000,0.0000,0.0000,0.0000,0.0000,0.0000,0.0000,0.0000,0.0000,0.0000,0.0000,0.0000,0.0000,0.0000,0.0000,0.0000,0.0000,0.0000,0.0000,0.0000,0.0000,0.0000,0.0000,0.0000,0.0000,0.0000,0.0000,0.0000,0.0000,0.0000,0.0000,0.0000,0.0000,0.0000,0.0000,0.0000,0.0000,0.0000,0.0000,0.0000,0.0000,0.0000,0.0000,0.0000,0.0000,0.0000,0.0000,0.0000,0.0000,0.0000,0.0000,0.0000,0.0000,0.0000,0.0000,0.0000,0.0000,0.0000,0.0000,0.0000,0.0000,0.0000,0.0000,0.0000,0.0000,0.0000,0.0000,0.0000,0.0000,0.0000,0.0000,0.0000,0.0000,0.0000,0.0000,0.0000,0.0000,0.0000,0.0000,0.0000,0.0000,0.0000,0.0000
0.0000,0.0000,0.0000,0.0000,0.0000,0.0000,0.0000,0.0000,0.0000,0.0000,0.0000,0.0000,0.0000,0.0000,0.0000,0.0000,0.0000,0.0000,0.0000,0.0000,0.0000,0.0000,0.0000,0.0000,0.0000,0.0000,0.0000,0.0000,0.0000,0.0000,0.0000,0.0000,0.0000,0.0000,0.0000,0.0000,0.0000,0.0000,0.0000,0.0000,0.0000,0.0000,0.0000,0.0000,0.0000,0.0000,0.0000,0.0000,0.0000,0.0000,0.0000,0.0000,0.0000,0.0000,0.0000,0.0000,0.0000,0.0000,0.0000,0.0000,0.0000,0.0000,0.0000,0.0000,0.0000,0.0000,0.0000,0.0000,0.0000,0.0000,0.0000,0.0000,0.0000,0.0000,0.0000,0.0000,0.0000,0.0000,0.0000,0.0000,0.0000,0.0000,0.0000,0.0000,0.0000,0.0000,0.0000,0.0000,0.0000,0.0000,0.0000,0.0000,0.0000,0.0000,0.0000,0.0000,0.0000,0.0000,0.0000,0.0000,0.0000,0.0000,0.0000,0.0000,0.0000,0.0000,0.0000,0.0000,0.0000,0.0000,0.0000,0.0000,0.0000,0.0000,0.0000,0.0000,0.0000,0.0000,0.0000,0.0000,0.0000,0.0000,0.0000,0.0000,0.0000,0.0000,0.0000,0.0000,0.0000,0.0000,0.0000,0.0000,0.0000,0.0000,0.0000,0.0000,0.0000,0.0000,0.0000,0.0000,0.0000,0.0000,0.0000,0.0000,0.0000,0.0000,0.0000,0.0000,0.0000,0.0000,0.0000,0.0000,0.0000,0.0000,0.0000,0.0000,0.0000,0.0000,0.0000,0.0000,0.0000,0.0000,0.0000,0.0000,0.0000,0.0000,0.0000,0.0000,0.0000,0.0000,0.0000,0.0000,0.0000,0.0000,0.0000,0.0000,0.0000,0.0000,0.0000,0.0000,0.0000,0.0000,0.0000,0.0000,0.0000,0.0000,0.0000,0.0000,0.0000,0.0000,0.0000,0.0000,0.0000,0.0000,0.0000,0.0000,0.0000,0.0000,0.0000,0.0000,0.0000,0.0000,0.0000,0.0000,0.0000,0.0000,0.0000,0.0000,0.0000,0.0000,0.0000
0.0000,0.0000,0.0000,0.0000,0.0000,0.0000,0.0000,0.0000,0.0000,0.0000,0.0000,0.0000,0.0000,0.0000,0.0000,0.0000,0.0000,0.0000,0.0000,0.0000,0.0000,0.0000,0.0000,0.0000,0.0000,0.0000,0.0000,0.0000,0.0000,0.0000,0.0000,0.0000,0.0000,0.0000,0.0000,0.0000,0.0000,0.0000,0.0000,0.0000,0.0000,0.0000,0.0000,0.0000,0.0000,0.0000,0.0000,0.0000,0.0000,0.0000,0.0000,0.0000,0.0000,0.0000,0.0000,0.0000,0.0000,0.0000,0.0000,0.0000,0.0000,0.0000,0.0000,0.0000,0.0000,0.0000,0.0000,0.0000,0.0000,0.0000,0.0000,0.0000,0.0000,0.0000,0.0000,0.0000,0.0000,0.0000,0.0000,0.0000,0.0000,0.0000,0.0000,0.0000,0.0000,0.0000,0.0000,0.0000,0.0000,0.0000,0.0000,0.0000,0.0000,0.0000,0.0000,0.0000,0.0000,0.0000,0.0000,0.0000,0.0000,0.0000,0.0000,0.0000,0.0000,0.0000,0.0000,0.0000,0.0000,0.0000,0.0000,0.0000,0.0000,0.0000,0.0000,0.0000,0.0000,0.0000,0.0000,0.0000,0.0000,0.0000,0.0000,0.0000,0.0000,0.0000,0.0000,0.0000,0.0000,0.0000,0.0000,0.0000,0.0000,0.0000,0.0000,0.0000,0.0000,0.0000,0.0000,0.0000,0.0000,0.0000,0.0000,0.0000,0.0000,0.0000,0.0000,0.0000,0.0000,0.0000,0.0000,0.0000,0.0000,0.0000,0.0000,0.0000,0.0000,0.0000,0.0000,0.0000,0.0000,0.0000,0.0000,0.0000,0.0000,0.0000,0.0000,0.0000,0.0000,0.0000,0.0000,0.0000,0.0000,0.0000,0.0000,0.0000,0.0000,0.0000,0.0000,0.0000,0.0000,0.0000,0.0000,0.0000,0.0000,0.0000,0.0000,0.0000,0.0000,0.0000,0.0000,0.0000,0.0000,0.0000,0.0000,0.0000,0.0000,0.0000,0.0000,0.0000,0.0000,0.0000,0.0000,0.0000,0.0000,0.0000,0.0000,0.0000,0.0000,0.0000,0.0000
0.0000,0.0000,0.0000,0.0000,0.0000,0.0000,0.0000,0.0000,0.0000,0.0000,0.0000,0.0000,0.0000,0.0000,0.0000,0.0000,0.0000,0.0000,0.0000,0.0000,0.0000,0.0000,0.0000,0.0000,0.0000,0.0000,0.0000,0.0000,0.0000,0.0000,0.0000,0.0000,0.0000,0.0000,0.0000,0.0000,0.0000,0.0000,0.0000,0.0000,0.0000,0.0000,0.0000,0.0000,0.0000,0.0000,0.0000,0.0000,0.0000,0.0000,0.0000,0.0000,0.0000,0.0000,0.0000,0.0000,0.0000,0.0000,0.0000,0.0000,0.0000,0.0000,0.0000,0.0000,0.0000,0.0000,0.0000,0.0000,0.0000,0.0000,0.0000,0.0000,0.0000,0.0000,0.0000,0.0000,0.0000,0.0000,0.0000,0.0000,0.0000,0.0000,0.0000,0.0000,0.0000,0.0000,0.0000,0.0000,0.0000,0.0000,0.0000,0.0000,0.0000,0.0000,0.0000,0.0000,0.0000,0.0000,0.0000,0.0000,0.0000,0.0000,0.0000,0.0000,0.0000,0.0000,0.0000,0.0000,0.0000,0.0000,0.0000,0.0000,0.0000,0.0000,0.0000,0.0000,0.0000,0.0000,0.0000,0.0000,0.0000,0.0000,0.0000,0.0000,0.0000,0.0000,0.0000,0.0000,0.0000,0.0000,0.0000,0.0000,0.0000,0.0000,0.0000,0.0000,0.0000,0.0000,0.0000,0.0000,0.0000,0.0000,0.0000,0.0000,0.0000,0.0000,0.0000,0.0000,0.0000,0.0000,0.0000,0.0000,0.0000,0.0000,0.0000,0.0000,0.0000,0.0000,0.0000,0.0000,0.0000,0.0000,0.0000,0.0000,0.0000,0.0000,0.0000,0.0000,0.0000,0.0000,0.0000,0.0000,0.0000,0.0000,0.0000,0.0000,0.0000,0.0000,0.0000,0.0000,0.0000,0.0000,0.0000,0.0000,0.0000,0.0000,0.0000,0.0000,0.0000,0.0000,0.0000,0.0000,0.0000,0.0000,0.0000,0.0000,0.0000,0.0000,0.0000,0.0000,0.0000,0.0000,0.0000,0.0000,0.0000,0.0000,0.0000,0.0000,0.0000,0.0000,0.0000
0.0000,0.0000,0.0000,0.0000,0.0000,0.0000,0.0000,0.0000,0.0000,0.0000,0.0000,0.0000,0.0000,0.0000,0.0000,0.0000,0.0000,0.0000,0.0000,0.0000,0.0000,0.0000,0.0000,0.0000,0.0000,0.0000,0.0000,0.0000,0.0000,0.0000,0.0000,0.0000,0.0000,0.0000,0.0000,0.0000,0.0000,0.0000,0.0000,0.0000,0.0000,0.0000,0.0000,0.0000,0.0000,0.0000,0.0000,0.0000,0.0000,0.0000,0.0000,0.0000,0.0000,0.0000,0.0000,0.0000,0.0000,0.0000,0.0000,0.0000,0.0000,0.0000,0.0000,0.0000,0.0000,0.0000,0.0000,0.0000,0.0000,0.0000,0.0000,0.0000,0.0000,0.0000,0.0000,0.0000,0.0000,0.0000,0.0000,0.0000,0.0000,0.0000,0.0000,0.0000,0.0000,0.0000,0.0000,0.0000,0.0000,0.0000,0.0000,0.0000,0.0000,0.0000,0.0000,0.0000,0.0000,0.0000,0.0000,0.0000,0.0000,0.0000,0.0000,0.0000,0.0000,0.0000,0.0000,0.0000,0.0000,0.0000,0.0000,0.0000,0.0000,0.0000,0.0000,0.0000,0.0000,0.0000,0.0000,0.0000,0.0000,0.0000,0.0000,0.0000,0.0000,0.0000,0.0000,0.0000,0.0000,0.0000,0.0000,0.0000,0.0000,0.0000,0.0000,0.0000,0.0000,0.0000,0.0000,0.0000,0.0000,0.0000,0.0000,0.0000,0.0000,0.0000,0.0000,0.0000,0.0000,0.0000,0.0000,0.0000,0.0000,0.0000,0.0000,0.0000,0.0000,0.0000,0.0000,0.0000,0.0000,0.0000,0.0000,0.0000,0.0000,0.0000,0.0000,0.0000,0.0000,0.0000,0.0000,0.0000,0.0000,0.0000,0.0000,0.0000,0.0000,0.0000,0.0000,0.0000,0.0000,0.0000,0.0000,0.0000,0.0000,0.0000,0.0000,0.0000,0.0000,0.0000,0.0000,0.0000,0.0000,0.0000,0.0000,0.0000,0.0000,0.0000,0.0000,0.0000,0.0000,0.0000,0.0000,0.0000,0.0000,0.0000,0.0000,0.0000,0.0000,0.0000,0.0000
0.0000,0.0000,0.0000,0.0000,0.0000,0.0000,0.0000,0.0000,0.0000,0.0000,0.0000,0.0000,0.0000,0.0000,0.0000,0.0000,0.0000,0.0000,0.0000,0.0000,0.0000,0.0000,0.0000,0.0000,0.0000,0.0000,0.0000,0.0000,0.0000,0.0000,0.0000,0.0000,0.0000,0.0000,0.0000,0.0000,0.0000,0.0000,0.0000,0.0000,0.0000,0.0000,0.0000,0.0000,0.0000,0.0000,0.0000,0.0000,0.0000,0.0000,0.0000,0.0000,0.0000,0.0000,0.0000,0.0000,0.0000,0.0000,0.0000,0.0000,0.0000,0.0000,0.0000,0.0000,0.0000,0.0000,0.0000,0.0000,0.0000,0.0000,0.0000,0.0000,0.0000,0.0000,0.0000,0.0000,0.0000,0.0000,0.0000,0.0000,0.0000,0.0000,0.0000,0.0000,0.0000,0.0000,0.0000,0.0000,0.0000,0.0000,0.0000,0.0000,0.0000,0.0000,0.0000,0.0000,0.0000,0.0000,0.0000,0.0000,0.0000,0.0000,0.0000,0.0000,0.0000,0.0000,0.0000,0.0000,0.0000,0.0000,0.0000,0.0000,0.0000,0.0000,0.0000,0.0000,0.0000,0.0000,0.0000,0.0000,0.0000,0.0000,0.0000,0.0000,0.0000,0.0000,0.0000,0.0000,0.0000,0.0000,0.0000,0.0000,0.0000,0.0000,0.0000,0.0000,0.0000,0.0000,0.0000,0.0000,0.0000,0.0000,0.0000,0.0000,0.0000,0.0000,0.0000,0.0000,0.0000,0.0000,0.0000,0.0000,0.0000,0.0000,0.0000,0.0000,0.0000,0.0000,0.0000,0.0000,0.0000,0.0000,0.0000,0.0000,0.0000,0.0000,0.0000,0.0000,0.0000,0.0000,0.0000,0.0000,0.0000,0.0000,0.0000,0.0000,0.0000,0.0000,0.0000,0.0000,0.0000,0.0000,0.0000,0.0000,0.0000,0.0000,0.0000,0.0000,0.0000,0.0000,0.0000,0.0000,0.0000,0.0000,0.0000,0.0000,0.0000,0.0000,0.0000,0.0000,0.0000,0.0000,0.0000,0.0000,0.0000,0.0000,0.0000,0.0000,0.0000,0.0000,0.0000
0.0000,0.0000,0.0000,0.0000,0.0000,0.0000,0.0000,0.0000,0.0000,0.0000,0.0000,0.0000,0.0000,0.0000,0.0000,0.0000,0.0000,0.0000,0.0000,0.0000,0.0000,0.0000,0.0000,0.0000,0.0000,0.0000,0.0000,0.0000,0.0000,0.0000,0.0000,0.0000,0.0000,0.0000,0.0000,0.0000,0.0000,0.0000,0.0000,0.0000,0.0000,0.0000,0.0000,0.0000,0.0000,0.0000,0.0000,0.0000,0.0000,0.0000,0.0000,0.0000,0.0000,0.0000,0.0000,0.0000,0.0000,0.0000,0.0000,0.0000,0.0000,0.0000,0.0000,0.0000,0.0000,0.0000,0.0000,0.0000,0.0000,0.0000,0.0000,0.0000,0.0000,0.0000,0.0000,0.0000,0.0000,0.0000,0.0000,0.0000,0.0000,0.0000,0.0000,0.0000,0.0000,0.0000,0.0000,0.0000,0.0000,0.0000,0.0000,0.0000,0.0000,0.0000,0.0000,0.0000,0.0000,0.0000,0.0000,0.0000,0.0000,0.0000,0.0000,0.0000,0.0000,0.0000,0.0000,0.0000,0.0000,0.0000,0.0000,0.0000,0.0000,0.0000,0.0000,0.0000,0.0000,0.0000,0.0000,0.0000,0.0000,0.0000,0.0000,0.0000,0.0000,0.0000,0.0000,0.0000,0.0000,0.0000,0.0000,0.0000,0.0000,0.0000,0.0000,0.0000,0.0000,0.0000,0.0000,0.0000,0.0000,0.0000,0.0000,0.0000,0.0000,0.0000,0.0000,0.0000,0.0000,0.0000,0.0000,0.0000,0.0000,0.0000,0.0000,0.0000,0.0000,0.0000,0.0000,0.0000,0.0000,0.0000,0.0000,0.0000,0.0000,0.0000,0.0000,0.0000,0.0000,0.0000,0.0000,0.0000,0.0000,0.0000,0.0000,0.0000,0.0000,0.0000,0.0000,0.0000,0.0000,0.0000,0.0000,0.0000,0.0000,0.0000,0.0000,0.0000,0.0000,0.0000,0.0000,0.0000,0.0000,0.0000,0.0000,0.0000,0.0000,0.0000,0.0000,0.0000,0.0000,0.0000,0.0000,0.0000,0.0000,0.0000,0.0000,0.0000,0.0000,0.0000,0.0000
0.0000,0.0000,0.0000,0.0000,0.0000,0.0000,0.0000,0.0000,0.0000,0.0000,0.0000,0.0000,0.0000,0.0000,0.0000,0.0000,0.0000,0.0000,0.0000,0.0000,0.0000,0.0000,0.0000,0.0000,0.0000,0.0000,0.0000,0.0000,0.0000,0.0000,0.0000,0.0000,0.0000,0.0000,0.0000,0.0000,0.0000,0.0000,0.0000,0.0000,0.0000,0.0000,0.0000,0.0000,0.0000,0.0000,0.0000,0.0000,0.0000,0.0000,0.0000,0.0000,0.0000,0.0000,0.0000,0.0000,0.0000,0.0000,0.0000,0.0000,0.0000,0.0000,0.0000,0.0000,0.0000,0.0000,0.0000,0.0000,0.0000,0.0000,0.0000,0.0000,0.0000,0.0000,0.0000,0.0000,0.0000,0.0000,0.0000,0.0000,0.0000,0.0000,0.0000,0.0000,0.0000,0.0000,0.0000,0.0000,0.0000,0.0000,0.0000,0.0000,0.0000,0.0000,0.0000,0.0000,0.0000,0.0000,0.0000,0.0000,0.0000,0.0000,0.0000,0.0000,0.0000,0.0000,0.0000,0.0000,0.0000,0.0000,0.0000,0.0000,0.0000,0.0000,0.0000,0.0000,0.0000,0.0000,0.0000,0.0000,0.0000,0.0000,0.0000,0.0000,0.0000,0.0000,0.0000,0.0000,0.0000,0.0000,0.0000,0.0000,0.0000,0.0000,0.0000,0.0000,0.0000,0.0000,0.0000,0.0000,0.0000,0.0000,0.0000,0.0000,0.0000,0.0000,0.0000,0.0000,0.0000,0.0000,0.0000,0.0000,0.0000,0.0000,0.0000,0.0000,0.0000,0.0000,0.0000,0.0000,0.0000,0.0000,0.0000,0.0000,0.0000,0.0000,0.0000,0.0000,0.0000,0.0000,0.0000,0.0000,0.0000,0.0000,0.0000,0.0000,0.0000,0.0000,0.0000,0.0000,0.0000,0.0000,0.0000,0.0000,0.0000,0.0000,0.0000,0.0000,0.0000,0.0000,0.0000,0.0000,0.0000,0.0000,0.0000,0.0000,0.0000,0.0000,0.0000,0.0000,0.0000,0.0000,0.0000,0.0000,0.0000,0.0000,0.0000,0.0000,0.0000,0.0000,0.0000
0.0000,0.0000,0.0000,0.0000,0.0000,0.0000,0.0000,0.0000,0.0000,0.0000,0.0000,0.0000,0.0000,0.0000,0.0000,0.0000,0.0000,0.0000,0.0000,0.0000,0.0000,0.0000,0.0000,0.0000,0.0000,0.0000,0.0000,0.0000,0.0000,0.0000,0.0000,0.0000,0.0000,0.0000,0.0000,0.0000,0.0000,0.0000,0.0000,0.0000,0.0000,0.0000,0.0000,0.0000,0.0000,0.0000,0.0000,0.0000,0.0000,0.0000,0.0000,0.0000,0.0000,0.0000,0.0000,0.0000,0.0000,0.0000,0.0000,0.0000,0.0000,0.0000,0.0000,0.0000,0.0000,0.0000,0.0000,0.0000,0.0000,0.0000,0.0000,0.0000,0.0000,0.0000,0.0000,0.0000,0.0000,0.0000,0.0000,0.0000,0.0000,0.0000,0.0000,0.0000,0.0000,0.0000,0.0000,0.0000,0.0000,0.0000,0.0000,0.0000,0.0000,0.0000,0.0000,0.0000,0.0000,0.0000,0.0000,0.0000,0.0000,0.0000,0.0000,0.0000,0.0000,0.0000,0.0000,0.0000,0.0000,0.0000,0.0000,0.0000,0.0000,0.0000,0.0000,0.0000,0.0000,0.0000,0.0000,0.0000,0.0000,0.0000,0.0000,0.0000,0.0000,0.0000,0.0000,0.0000,0.0000,0.0000,0.0000,0.0000,0.0000,0.0000,0.0000,0.0000,0.0000,0.0000,0.0000,0.0000,0.0000,0.0000,0.0000,0.0000,0.0000,0.0000,0.0000,0.0000,0.0000,0.0000,0.0000,0.0000,0.0000,0.0000,0.0000,0.0000,0.0000,0.0000,0.0000,0.0000,0.0000,0.0000,0.0000,0.0000,0.0000,0.0000,0.0000,0.0000,0.0000,0.0000,0.0000,0.0000,0.0000,0.0000,0.0000,0.0000,0.0000,0.0000,0.0000,0.0000,0.0000,0.0000,0.0000,0.0000,0.0000,0.0000,0.0000,0.0000,0.0000,0.0000,0.0000,0.0000,0.0000,0.0000,0.0000,0.0000,0.0000,0.0000,0.0000,0.0000,0.0000,0.0000,0.0000,0.0000,0.0000,0.0000,0.0000,0.0000,0.0000,0.0000,0.0000
0.0000,-0.0000,0.0000,0.0001,0.0002,0.0003,0.0005,0.0008,0.0011,0.0014,0.0018,0.0023,0.0028,0.0034,0.0040,0.0047,0.0055,0.0063,0.0072,0.0081,0.0091,0.0101,0.0111,0.0122,0.0134,0.0146,0.0158,0.0171,0.0185,0.0200,0.0216,0.0232,0.0250,0.0270,0.0291,0.0312,0.0334,0.0361,0.0398,0.0438,0.0475,0.0513,0.0549,0.0586,0.0620,0.0653,0.0682,0.0707,0.0724,0.0736,0.0743,0.0745,0.0743,0.0741,0.0745,0.0751,0.0758,0.0766,0.0778,0.0792,0.0806,0.0822,0.0840,0.0861,0.0885,0.0911,0.0937,0.0964,0.0995,0.1029,0.1067,0.1108,0.1155,0.1202,0.1249,0.1299,0.1358,0.1419,0.1474,0.1529,0.1593,0.1662,0.1730,0.1796,0.1860,0.1924,0.1988,0.2055,0.2125,0.2196,0.2265,0.2332,0.2400,0.2464,0.2522,0.2573,0.2623,0.2670,0.2714,0.2750,0.2771,0.2782,0.2788,0.2784,0.2767,0.2741,0.2706,0.2662,0.2608,0.2546,0.2479,0.2409,0.2337,0.2263,0.2189,0.2117,0.2050,0.1980,0.1903,0.1819,0.1733,0.1653,0.1586,0.1525,0.1465,0.1405,0.1346,0.1286,0.1220,0.1156,0.1098,0.1043,0.0986,0.0929,0.0877,0.0831,0.0791,0.0752,0.0710,0.0672,0.0642,0.0616,0.0589,0.0562,0.0538,0.0515,0.0495,0.0476,0.0458,0.0438,0.0415,0.0396,0.0384,0.0376,0.0367,0.0357,0.0348,0.0339,0.0329,0.0320,0.0311,0.0301,0.0292,0.0283,0.0274,0.0265,0.0256,0.0248,0.0239,0.0230,0.0222,0.0214,0.0205,0.0197,0.0189,0.0181,0.0173,0.0165,0.0158,0.0150,0.0143,0.0136,0.0129,0.0122,0.0115,0.0108,0.0102,0.0095,0.0089,0.0083,0.0077,0.0071,0.0066,0.0061,0.0055,0.0050,0.0046,0.0041,0.0037,0.0032,0.0028,0.0024,0.0021,0.0017,0.0014,0.0011,0.0009,0.0006,0.0004,0.0002,0.0000
0.0000,-0.0001,0.0000,0.0002,0.0005,0.0010,0.0016,0.0023,0.0032,0.0042,0.0055,0.0068,0.0084,0.0102,0.0121,0.0143,0.0166,0.0191,0.0217,0.0245,0.0275,0.0305,0.0337,0.0371,0.0405,0.0441,0.0479,0.0519,0.0561,0.0606,0.0653,0.0704,0.0758,0.0817,0.0880,0.0946,0.1011,0.1095,0.1204,0.1327,0.1440,0.1553,0.1663,0.1775,0.1877,0.1976,0.2064,0.2139,0.2192,0.2228,0.2248,0.2254,0.2247,0.2242,0.2251,0.2271,0.2291,0.2316,0.2352,0.2394,0.2438,0.2484,0.2539,0.2603,0.2676,0.2754,0.2832,0.2914,0.3006,0.3109,0.3223,0.3349,0.3489,0.3632,0.3772,0.3924,0.4104,0.4288,0.4454,0.4621,0.4813,0.5020,0.5227,0.5427,0.5621,0.5813,0.6007,0.6208,0.6421,0.6636,0.6843,0.7047,0.7252,0.7447,0.7620,0.7777,0.7927,0.8070,0.8203,0.8310,0.8375,0.8409,0.8425,0.8413,0.8364,0.8283,0.8179,0.8047,0.7884,0.7697,0.7493,0.7281,0.7062,0.6840,0.6616,0.6399,0.6195,0.5985,0.5752,0.5499,0.5239,0.4997,0.4793,0.4610,0.4428,0.4246,0.4070,0.3887,0.3689,0.3494,0.3319,0.3152,0.2979,0.2809,0.2651,0.2512,0.2390,0.2272,0.2147,0.2032,0.1942,0.1864,0.1782,0.1700,0.1625,0.1558,0.1497,0.1440,0.1385,0.1325,0.1256,0.1196,0.1161,0.1138,0.1111,0.1080,0.1051,0.1023,0.0995,0.0967,0.0939,0.0911,0.0884,0.0856,0.0829,0.0802,0.0775,0.0749,0.0723,0.0697,0.0671,0.0646,0.0620,0.0596,0.0571,0.0547,0.0523,0.0500,0.0477,0.0454,0.0432,0.0410,0.0389,0.0368,0.0347,0.0327,0.0307,0.0288,0.0269,0.0251,0.0233,0.0216,0.0199,0.0183,0.0167,0.0152,0.0138,0.0124,0.0110,0.0098,0.0085,0.0074,0.0063,0.0053,0.0043,0.0034,0.0026,0.0018,0.0012,0.0005,0.0000
0.0000,-0.0001,0.0000,0.0004,0.0010,0.0019,0.0031,0.0045,0.0062,0.0083,0.0106,0.0133,0.0164,0.0198,0.0236,0.0278,0.0323,0.0372,0.0423,0.0478,0.0535,0.0595,0.0657,0.0722,0.0789,0.0860,0.0933,0.1011,0.1093,0.1180,0.1273,0.1372,0.1477,0.1592,0.1715,0.1842,0.1970,0.2132,0.2345,0.2585,0.2805,0.3025,0.3239,0.3458,0.3656,0.3849,0.4021,0.4166,0.4270,0.4340,0.4380,0.4390,0.4376,0.4366,0.4386,0.4423,0.4463,0.4511,0.4582,0.4664,0.4749,0.4839,0.4945,0.5070,0.5213,0.5365,0.5517,0.5677,0.5856,0.6058,0.6280,0.6525,0.6797,0.7076,0.7350,0.7646,0.7996,0.8354,0.8678,0.9003,0.9378,0.9782,1.0184,1.0575,1.0954,1.1328,1.1706,1.2097,1.2513,1.2932,1.3337,1.3733,1.4133,1.4514,1.4851,1.5156,1.5449,1.5729,1.5989,1.6198,1.6324,1.6389,1.6421,1.6398,1.6303,1.6146,1.5943,1.5685,1.5367,1.5003,1.4606,1.4193,1.3767,1.3334,1.2897,1.2475,1.2077,1.1668,1.1213,1.0720,1.0213,0.9741,0.9343,0.8987,0.8631,0.8278,0.7934,0.7577,0.7191,0.6811,0.6471,0.6145,0.5809,0.5476,0.5169,0.4897,0.4660,0.4429,0.4185,0.3961,0.3785,0.3633,0.3474,0.3314,0.3169,0.3037,0.2918,0.2807,0.2701,0.2584,0.2449,0.2331,0.2263,0.2218,0.2165,0.2106,0.2050,0.1995,0.1940,0.1885,0.1830,0.1776,0.1723,0.1669,0.1616,0.1564,0.1511,0.1460,0.1409,0.1358,0.1308,0.1258,0.1210,0.1161,0.1114,0.1067,0.1020,0.0975,0.0930,0.0886,0.0842,0.0799,0.0758,0.0717,0.0676,0.0637,0.0599,0.0561,0.0525,0.0489,0.0454,0.0421,0.0388,0.0357,0.0326,0.0297,0.0268,0.0241,0.0215,0.0190,0.0167,0.0144,0.0123,0.0103,0.0084,0.0067,0.0051,0.0036,0.0023,0.0011,0.0000
0.0000,-0.0002,0.0001,0.0009,0.0024,0.0044,0.0071,0.0104,0.0144,0.0191,0.0246,0.0309,0.0380,0.0460,0.0548,0.0644,0.0749,0.0861,0.0981,0.1107,0.1240,0.1378,0.1522,0.1672,0.1828,0.1991,0.2160,0.2341,0.2531,0.2734,0.2948,0.3178,0.3421,0.3686,0.3970,0.4266,0.4563,0.4937,0.5431,0.5984,0.6494,0.7004,0.7500,0.8005,0.8463,0.8910,0.9307,0.9642,0.9881,1.0043,1.0135,1.0158,1.0127,1.0103,1.0148,1.0233,1.0326,1.0437,1.0601,1.0789,1.0985,1.1193,1.1440,1.1729,1.2059,1.2410,1.2762,1.3132,1.3547,1.4013,1.4527,1.5094,1.5724,1.6369,1.7004,1.7689,1.8498,1.9328,2.0076,2.0830,2.1697,2.2632,2.3563,2.4468,2.5345,2.6210,2.7086,2.7992,2.8954,2.9925,3.0862,3.1779,3.2705,3.3588,3.4369,3.5077,3.5755,3.6403,3.7005,3.7489,3.7784,3.7935,3.8009,3.7957,3.7738,3.7374,3.6905,3.6309,3.5574,3.4731,3.3812,3.2856,3.1872,3.0868,2.9858,2.8881,2.7960,2.7013,2.5960,2.4819,2.3644,2.2552,2.1632,2.0808,1.9984,1.9166,1.8369,1.7543,1.6650,1.5771,1.4982,1.4229,1.3449,1.2678,1.1968,1.1339,1.0789,1.0255,0.9691,0.9170,0.8764,0.8412,0.8043,0.7674,0.7337,0.7033,0.6756,0.6500,0.6253,0.5982,0.5670,0.5398,0.5240,0.5137,0.5014,0.4877,0.4746,0.4619,0.4492,0.4365,0.4238,0.4113,0.3988,0.3865,0.3742,0.3620,0.3500,0.3380,0.3262,0.3144,0.3029,0.2914,0.2801,0.2689,0.2579,0.2470,0.2362,0.2257,0.2153,0.2050,0.1950,0.1851,0.1754,0.1659,0.1566,0.1475,0.1386,0.1300,0.1215,0.1132,0.1052,0.0974,0.0899,0.0826,0.0755,0.0687,0.0621,0.0558,0.0498,0.0441,0.0386,0.0334,0.0285,0.0238,0.0195,0.0155,0.0117,0.0083,0.0052,0.0025,0.0000
0.0000,-0.0002,0.0001,0.0008,0.0022,0.0040,0.0065,0.0095,0.0132,0.0175,0.0225,0.0282,0.0347,0.0419,0.0500,0.0588,0.0683,0.0786,0.0895,0.1010,0.1132,0.1257,0.1389,0.1526,0.1669,0.1817,0.1972,0.2137,0.2310,0.2495,0.2691,0.2901,0.3123,0.3365,0.3625,0.3894,0.4165,0.4507,0.4958,0.5463,0.5929,0.6395,0.6847,0.7309,0.7728,0.8136,0.8499,0.8805,0.9024,0.9172,0.9256,0.9278,0.9249,0.9228,0.9269,0.9347,0.9432,0.9534,0.9684,0.9856,1.0035,1.0226,1.0451,1.0715,1.1017,1.1338,1.1659,1.1997,1.2377,1.2803,1.3272,1.3791,1.4366,1.4956,1.5536,1.6162,1.6901,1.7660,1.8344,1.9033,1.9825,2.0680,2.1531,2.2357,2.3159,2.3949,2.4749,2.5578,2.6457,2.7345,2.8200,2.9039,2.9886,3.0692,3.1406,3.2053,3.2673,3.3265,3.3815,3.4258,3.4527,3.4665,3.4733,3.4685,3.4486,3.4153,3.3724,3.3180,3.2508,3.1738,3.0898,3.0025,2.9125,2.8208,2.7285,2.6393,2.5550,2.4685,2.3724,2.2680,2.1607,2.0609,1.9768,1.9015,1.8262,1.7514,1.6786,1.6031,1.5216,1.4412,1.3691,1.3003,1.2290,1.1586,1.0937,1.0362,0.9859,0.9371,0.8856,0.8380,0.8009,0.7687,0.7350,0.7013,0.6705,0.6427,0.6173,0.5940,0.5715,0.5467,0.5181,0.4933,0.4789,0.4694,0.4582,0.4457,0.4337,0.4221,0.4105,0.3989,0.3873,0.3759,0.3645,0.3532,0.3419,0.3308,0.3198,0.3089,0.2981,0.2873,0.2768,0.2663,0.2559,0.2457,0.2356,0.2257,0.2159,0.2062,0.1967,0.1874,0.1782,0.1692,0.1603,0.1516,0.1431,0.1348,0.1267,0.1188,0.1110,0.1035,0.0962,0.0890,0.0821,0.0755,0.0690,0.0628,0.0568,0.0510,0.0455,0.0403,0.0353,0.0305,0.0260,0.0218,0.0178,0.0141,0.0107,0.0076,0.0048,0.0022,0.0000
0.0000,-0.0003,0.0001,0.0011,0.0029,0.0053,0.0086,0.0126,0.0175,0.0232,0.0298,0.0374,0.0461,0.0557,0.0664,0.0780,0.0907,0.1043,0.1188,0.1341,0.1502,0.1669,0.1844,0.2026,0.2215,0.2413,0.2618,0.2837,0.3066,0.3312,0.3572,0.3851,0.4145,0.4466,0.4811,0.5169,0.5528,0.5983,0.6580,0.7251,0.7869,0.8487,0.9088,0.9701,1.0255,1.0797,1.1278,1.1685,1.1975,1.2171,1.2282,1.2310,1.2272,1.2244,1.2298,1.2402,1.2514,1.2649,1.2849,1.3077,1.3314,1.3567,1.3866,1.4216,1.4617,1.5042,1.5469,1.5917,1.6420,1.6986,1.7609,1.8297,1.9060,1.9843,2.0612,2.1443,2.2424,2.3431,2.4338,2.5253,2.6305,2.7439,2.8568,2.9665,3.0728,3.1778,3.2840,3.3940,3.5107,3.6285,3.7421,3.8534,3.9658,4.0729,4.1676,4.2535,4.3358,4.4145,4.4875,4.5463,4.5820,4.6004,4.6095,4.6032,4.5768,4.5326,4.4758,4.4036,4.3145,4.2122,4.1009,3.9849,3.8655,3.7439,3.6214,3.5030,3.3912,3.2763,3.1487,3.0103,2.8679,2.7353,2.6238,2.5238,2.4239,2.3247,2.2280,2.1278,2.0196,1.9129,1.8172,1.7258,1.6313,1.5378,1.4517,1.3754,1.3086,1.2439,1.1755,1.1123,1.0630,1.0203,0.9756,0.9309,0.8900,0.8531,0.8194,0.7884,0.7585,0.7256,0.6877,0.6548,0.6356,0.6231,0.6081,0.5916,0.5757,0.5603,0.5449,0.5294,0.5141,0.4989,0.4838,0.4688,0.4539,0.4391,0.4245,0.4100,0.3956,0.3814,0.3673,0.3535,0.3397,0.3262,0.3128,0.2996,0.2866,0.2737,0.2611,0.2487,0.2365,0.2245,0.2128,0.2013,0.1900,0.1790,0.1682,0.1576,0.1474,0.1374,0.1276,0.1182,0.1090,0.1002,0.0916,0.0833,0.0754,0.0677,0.0604,0.0534,0.0468,0.0405,0.0345,0.0289,0.0237,0.0188,0.0143,0.0101,0.0063,0.0030,0.0000
0.0000,-0.0004,0.0001,0.0013,0.0034,0.0064,0.0103,0.0152,0.0210,0.0279,0.0359,0.0450,0.0553,0.0669,0.0797,0.0938,0.1090,0.1253,0.1428,0.1611,0.1805,0.2006,0.2216,0.2435,0.2662,0.2899,0.3146,0.3409,0.3684,0.3980,0.4292,0.4627,0.4981,0.5366,0.5781,0.6211,0.6643,0.7188,0.7907,0.8712,0.9455,1.0197,1.0919,1.1655,1.2321,1.2972,1.3550,1.4038,1.4386,1.4622,1.4756,1.4789,1.4743,1.4709,1.4774,1.4898,1.5033,1.5195,1.5435,1.5708,1.5994,1.6297,1.6657,1.7077,1.7558,1.8069,1.8582,1.9121,1.9725,2.0405,2.1152,2.1980,2.2896,2.3836,2.4761,2.5759,2.6938,2.8147,2.9237,3.0336,3.1600,3.2962,3.4319,3.5637,3.6914,3.8175,3.9452,4.0773,4.2175,4.3591,4.4955,4.6293,4.7644,4.8930,5.0069,5.1101,5.2090,5.3036,5.3914,5.4620,5.5050,5.5271,5.5381,5.5305,5.4988,5.4458,5.3775,5.2908,5.1837,5.0609,4.9271,4.7879,4.6444,4.4983,4.3511,4.2088,4.0746,3.9366,3.7833,3.6169,3.4458,3.2866,3.1525,3.0324,2.9124,2.7932,2.6771,2.5567,2.4266,2.2984,2.1834,2.0737,1.9601,1.8478,1.7443,1.6526,1.5724,1.4946,1.4124,1.3365,1.2773,1.2260,1.1722,1.1185,1.0693,1.0250,0.9846,0.9473,0.9114,0.8719,0.8263,0.7867,0.7637,0.7486,0.7307,0.7108,0.6917,0.6733,0.6547,0.6361,0.6177,0.5994,0.5813,0.5632,0.5454,0.5276,0.5100,0.4926,0.4754,0.4583,0.4414,0.4247,0.4082,0.3919,0.3758,0.3599,0.3443,0.3289,0.3137,0.2988,0.2842,0.2698,0.2557,0.2418,0.2283,0.2150,0.2021,0.1894,0.1771,0.1650,0.1534,0.1420,0.1310,0.1203,0.1101,0.1001,0.0906,0.0814,0.0726,0.0642,0.0562,0.0486,0.0415,0.0347,0.0284,0.0226,0.0171,0.0121,0.0076,0.0036,0.0000
0.0000,-0.0005,0.0001,0.0019,0.0049,0.0091,0.0147,0.0216,0.0299,0.0397,0.0511,0.0641,0.0789,0.0954,0.1136,0.1336,0.1554,0.1786,0.2035,0.2297,0.2573,0.2859,0.3158,0.3469,0.3794,0.4131,0.4483,0.4858,0.5250,0.5672,0.6116,0.6593,0.7097,0.7647,0.8237,0.8850,0.9465,1.0242,1.1265,1.2413,1.3470,1.4528,1.5555,1.6604,1.7553,1.8479,1.9302,1.9996,2.0492,2.0827,2.1017,2.1064,2.0998,2.0949,2.1040,2.1217,2.1409,2.1639,2.1980,2.2369,2.2775,2.3207,2.3719,2.4317,2.5002,2.5731,2.6460,2.7227,2.8088,2.9056,3.0120,3.1298,3.2604,3.3942,3.5259,3.6681,3.8359,4.0081,4.1634,4.3199,4.4999,4.6940,4.8872,5.0750,5.2570,5.4366,5.6184,5.8067,6.0064,6.2081,6.4025,6.5931,6.7855,6.9688,7.1310,7.2781,7.4191,7.5538,7.6790,7.7797,7.8410,7.8726,7.8882,7.8775,7.8324,7.7570,7.6598,7.5363,7.3839,7.2090,7.0185,6.8202,6.6159,6.4078,6.1982,5.9955,5.8043,5.6077,5.3894,5.1525,4.9087,4.6819,4.4910,4.3199,4.1489,3.9791,3.8137,3.6422,3.4569,3.2743,3.1105,2.9541,2.7923,2.6323,2.4848,2.3542,2.2400,2.1292,2.0121,1.9040,1.8196,1.7465,1.6700,1.5934,1.5234,1.4602,1.4026,1.3495,1.2984,1.2421,1.1772,1.1208,1.0880,1.0665,1.0410,1.0126,0.9854,0.9591,0.9327,0.9062,0.8800,0.8540,0.8281,0.8024,0.7769,0.7517,0.7266,0.7018,0.6772,0.6529,0.6288,0.6050,0.5815,0.5583,0.5354,0.5128,0.4905,0.4686,0.4470,0.4257,0.4049,0.3844,0.3642,0.3445,0.3252,0.3063,0.2878,0.2698,0.2522,0.2351,0.2185,0.2023,0.1866,0.1714,0.1568,0.1426,0.1290,0.1160,0.1034,0.0915,0.0801,0.0693,0.0591,0.0495,0.0405,0.0321,0.0244,0.0173,0.0109,0.0051,0.0000
0.0000,-0.0005,0.0001,0.0017,0.0045,0.0083,0.0134,0.0197,0.0273,0.0363,0.0467,0.0586,0.0720,0.0871,0.1038,0.1220,0.1419,0.1631,0.1858,0.2097,0.2349,0.2610,0.2884,0.3168,0.3464,0.3772,0.4093,0.4435,0.4794,0.5179,0.5584,0.6020,0.6481,0.6982,0.7521,0.8081,0.8643,0.9352,1.0287,1.1335,1.2300,1.3266,1.4204,1.5162,1.6028,1.6874,1.7625,1.8259,1.8712,1.9017,1.9191,1.9234,1.9173,1.9128,1.9212,1.9374,1.9549,1.9759,2.0070,2.0426,2.0796,2.1190,2.1658,2.2204,2.2830,2.3494,2.4160,2.4861,2.5647,2.6530,2.7503,2.8578,2.9770,3.0992,3.2194,3.3492,3.5025,3.6597,3.8015,3.9443,4.1087,4.2859,4.4623,4.6337,4.7999,4.9638,5.1298,5.3017,5.4841,5.6681,5.8456,6.0196,6.1952,6.3626,6.5107,6.6450,6.7737,6.8967,7.0109,7.1028,7.1588,7.1876,7.2019,7.1921,7.1509,7.0820,6.9932,6.8805,6.7413,6.5816,6.4077,6.2266,6.0401,5.8501,5.6587,5.4737,5.2991,5.1196,4.9203,4.7040,4.4814,4.2743,4.1000,3.9439,3.7878,3.6327,3.4817,3.3251,3.1560,2.9893,2.8397,2.6970,2.5492,2.4031,2.2685,2.1493,2.0450,1.9438,1.8369,1.7382,1.6612,1.5945,1.5246,1.4547,1.3908,1.3331,1.2805,1.2320,1.1853,1.1339,1.0747,1.0232,0.9933,0.9737,0.9504,0.9244,0.8996,0.8756,0.8515,0.8273,0.8034,0.7796,0.7560,0.7325,0.7093,0.6862,0.6633,0.6407,0.6182,0.5960,0.5741,0.5523,0.5309,0.5097,0.4888,0.4681,0.4478,0.4278,0.4081,0.3887,0.3696,0.3509,0.3325,0.3145,0.2969,0.2797,0.2628,0.2463,0.2303,0.2147,0.1995,0.1847,0.1704,0.1565,0.1431,0.1302,0.1178,0.1059,0.0944,0.0835,0.0731,0.0633,0.0539,0.0452,0.0370,0.0293,0.0223,0.0158,0.0099,0.0047,0.0000
0.0000,-0.0005,0.0001,0.0019,0.0049,0.0091,0.0147,0.0215,0.0298,0.0396,0.0510,0.0640,0.0787,0.0951,0.1134,0.1333,0.1550,0.1782,0.2030,0.2291,0.2566,0.2851,0.3150,0.3460,0.3784,0.4121,0.4471,0.4845,0.5237,0.5657,0.6100,0.6576,0.7079,0.7627,0.8215,0.8827,0.9440,1.0215,1.1236,1.2380,1.3435,1.4489,1.5514,1.6560,1.7505,1.8429,1.9249,1.9941,2.0435,2.0769,2.0958,2.1004,2.0938,2.0889,2.0980,2.1156,2.1347,2.1576,2.1916,2.2304,2.2708,2.3139,2.3649,2.4245,2.4928,2.5654,2.6381,2.7146,2.8004,2.8969,3.0030,3.1204,3.2505,3.3840,3.5153,3.6570,3.8243,3.9960,4.1508,4.3068,4.4863,4.6797,4.8724,5.0595,5.2410,5.4200,5.6013,5.7889,5.9881,6.1891,6.3829,6.5729,6.7647,6.9475,7.1092,7.2558,7.3964,7.5307,7.6554,7.7558,7.8169,7.8484,7.8640,7.8533,7.8083,7.7331,7.6362,7.5131,7.3612,7.1868,6.9969,6.7992,6.5956,6.3880,6.1791,5.9771,5.7864,5.5905,5.3728,5.1366,4.8936,4.6675,4.4771,4.3066,4.1361,3.9668,3.8019,3.6309,3.4463,3.2642,3.1009,2.9450,2.7837,2.6242,2.4772,2.3470,2.2331,2.1226,2.0059,1.8981,1.8140,1.7411,1.6648,1.5885,1.5187,1.4557,1.3983,1.3453,1.2944,1.2382,1.1736,1.1173,1.0847,1.0632,1.0378,1.0095,0.9824,0.9562,0.9298,0.9034,0.8773,0.8513,0.8255,0.7999,0.7745,0.7493,0.7244,0.6996,0.6751,0.6509,0.6269,0.6031,0.5797,0.5566,0.5337,0.5112,0.4890,0.4671,0.4456,0.4244,0.4036,0.3832,0.3631,0.3435,0.3242,0.3054,0.2870,0.2690,0.2515,0.2344,0.2178,0.2017,0.1861,0.1709,0.1563,0.1422,0.1286,0.1156,0.1031,0.0912,0.0799,0.0691,0.0589,0.0493,0.0404,0.0320,0.0243,0.0172,0.0108,0.0051,0.0000
0.0000,-0.0007,0.0002,0.0027,0.0071,0.0132,0.0212,0.0312,0.0432,0.0574,0.0738,0.0926,0.1139,0.1377,0.1641,0.1929,0.2243,0.2579,0.2937,0.3315,0.3714,0.4127,0.4559,0.5008,0.5476,0.5964,0.6471,0.7012,0.7579,0.8187,0.8828,0.9517,1.0244,1.1037,1.1889,1.2773,1.3661,1.4783,1.6259,1.7915,1.9440,2.0966,2.2448,2.3961,2.5329,2.6664,2.7850,2.8851,2.9565,3.0047,3.0320,3.0387,3.0290,3.0218,3.0350,3.0604,3.0880,3.1211,3.1702,3.2263,3.2848,3.3470,3.4209,3.5071,3.6058,3.7108,3.8160,3.9266,4.0507,4.1903,4.3439,4.5138,4.7020,4.8951,5.0850,5.2900,5.5321,5.7805,6.0044,6.2301,6.4898,6.7697,7.0484,7.3193,7.5818,7.8409,8.1032,8.3748,8.6629,8.9538,9.2343,9.5093,9.7868,10.0514,10.2855,10.4976,10.7012,10.8955,11.0762,11.2215,11.3100,11.3557,11.3783,11.3630,11.2980,11.1893,11.0492,10.8711,10.6514,10.3991,10.1244,9.8384,9.5437,9.2435,8.9413,8.6489,8.3731,8.0896,7.7746,7.4329,7.0812,6.7540,6.4786,6.2319,5.9853,5.7403,5.5016,5.2542,4.9870,4.7236,4.4872,4.2617,4.0282,3.7974,3.5847,3.3963,3.2315,3.0716,2.9027,2.7467,2.6250,2.5196,2.4091,2.2987,2.1977,2.1065,2.0235,1.9468,1.8731,1.7918,1.6983,1.6169,1.5696,1.5386,1.5018,1.4608,1.4216,1.3837,1.3456,1.3074,1.2695,1.2320,1.1947,1.1576,1.1208,1.0844,1.0482,1.0124,0.9770,0.9419,0.9071,0.8728,0.8389,0.8054,0.7724,0.7398,0.7076,0.6760,0.6448,0.6142,0.5841,0.5545,0.5255,0.4970,0.4692,0.4419,0.4153,0.3893,0.3639,0.3392,0.3152,0.2919,0.2692,0.2473,0.2262,0.2058,0.1861,0.1673,0.1492,0.1320,0.1156,0.1000,0.0852,0.0714,0.0584,0.0463,0.0352,0.0250,0.0157,0.0074,0.0000
0.0000,-0.0009,0.0002,0.0034,0.0087,0.0162,0.0260,0.0382,0.0529,0.0703,0.0904,0.1135,0.1396,0.1687,0.2011,0.2364,0.2748,0.3160,0.3600,0.4063,0.4551,0.5057,0.5587,0.6137,0.6711,0.7308,0.7930,0.8592,0.9287,1.0032,1.0817,1.1662,1.2553,1.3525,1.4569,1.5652,1.6740,1.8114,1.9923,2.1952,2.3821,2.5691,2.7507,2.9360,3.1036,3.2673,3.4125,3.5352,3.6227,3.6817,3.7151,3.7233,3.7114,3.7026,3.7187,3.7498,3.7836,3.8242,3.8843,3.9531,4.0248,4.1010,4.1915,4.2971,4.4181,4.5468,4.6757,4.8112,4.9633,5.1343,5.3225,5.5306,5.7612,5.9979,6.2306,6.4818,6.7785,7.0828,7.3573,7.6338,7.9521,8.2951,8.6366,8.9685,9.2903,9.6077,9.9292,10.2620,10.6152,10.9717,11.3154,11.6524,11.9926,12.3168,12.6037,12.8638,13.1132,13.3514,13.5728,13.7510,13.8595,13.9155,13.9433,13.9246,13.8450,13.7118,13.5401,13.3220,13.0527,12.7436,12.4070,12.0565,11.6955,11.3276,10.9572,10.5990,10.2610,9.9136,9.5276,9.1088,8.6779,8.2770,7.9395,7.6371,7.3349,7.0346,6.7422,6.4390,6.1115,5.7887,5.4990,5.2227,4.9366,4.6537,4.3930,4.1621,3.9601,3.7642,3.5572,3.3661,3.2170,3.0878,2.9524,2.8170,2.6933,2.5816,2.4798,2.3858,2.2955,2.1959,2.0812,1.9815,1.9236,1.8856,1.8404,1.7902,1.7422,1.6957,1.6490,1.6022,1.5558,1.5098,1.4641,1.4186,1.3736,1.3289,1.2846,1.2407,1.1973,1.1542,1.1117,1.0696,1.0281,0.9870,0.9465,0.9066,0.8672,0.8284,0.7902,0.7527,0.7158,0.6795,0.6440,0.6091,0.5750,0.5416,0.5089,0.4770,0.4460,0.4157,0.3863,0.3577,0.3299,0.3031,0.2772,0.2522,0.2281,0.2050,0.1829,0.1617,0.1416,0.1225,0.1045,0.0875,0.0716,0.0568,0.0431,0.0306,0.0192,0.0090,0.0000
0.0000,-0.0013,0.0003,0.0050,0.0130,0.0243,0.0391,0.0575,0.0796,0.1057,0.1360,0.1706,0.2099,0.2537,0.3023,0.3555,0.4133,0.4752,0.5413,0.6109,0.6843,0.7604,0.8402,0.9229,1.0091,1.0989,1.1924,1.2921,1.3966,1.5086,1.6267,1.7537,1.8878,2.0339,2.1909,2.3539,2.5174,2.7241,2.9962,3.3014,3.5825,3.8637,4.1369,4.4157,4.6678,4.9140,5.1326,5.3172,5.4488,5.5377,5.5881,5.6005,5.5827,5.5696,5.5939,5.6408,5.6917,5.7528,5.8434,5.9469,6.0548,6.1696,6.3057,6.4647,6.6468,6.8404,7.0344,7.2384,7.4673,7.7246,8.0078,8.3210,8.6681,9.0242,9.3744,9.7525,10.1989,10.6569,11.0699,11.4862,11.9651,12.4813,12.9953,13.4947,13.9790,14.4568,14.9406,15.4415,15.9730,16.5095,17.0269,17.5341,18.0460,18.5341,18.9658,19.3573,19.7327,20.0914,20.4246,20.6928,20.8562,20.9406,20.9826,20.9545,20.8347,20.6344,20.3762,20.0479,19.6428,19.1777,18.6712,18.1438,17.6006,17.0470,16.4897,15.9506,15.4419,14.9192,14.3383,13.7081,13.0596,12.4563,11.9484,11.4933,11.0385,10.5867,10.1466,9.6904,9.1975,8.7117,8.2758,7.8599,7.4293,7.0036,6.6113,6.2638,5.9598,5.6650,5.3535,5.0659,4.8414,4.6470,4.4432,4.2395,4.0532,3.8851,3.7320,3.5905,3.4546,3.3048,3.1322,2.9821,2.8949,2.8377,2.7697,2.6942,2.6219,2.5520,2.4817,2.4112,2.3414,2.2721,2.2033,2.1350,2.0672,1.9999,1.9333,1.8672,1.8018,1.7371,1.6731,1.6098,1.5472,1.4854,1.4245,1.3644,1.3051,1.2467,1.1893,1.1327,1.0772,1.0227,0.9691,0.9167,0.8653,0.8150,0.7659,0.7179,0.6712,0.6256,0.5813,0.5383,0.4966,0.4562,0.4172,0.3795,0.3433,0.3085,0.2752,0.2434,0.2131,0.1844,0.1572,0.1317,0.1077,0.0855,0.0649,0.0460,0.0289,0.0136,0.0000
0.0000,-0.0007,0.0002,0.0028,0.0071,0.0133,0.0214,0.0314,0.0435,0.0578,0.0743,0.0932,0.1147,0.1386,0.1652,0.1942,0.2258,0.2596,0.2957,0.3338,0.3739,0.4155,0.4590,0.5042,0.5513,0.6004,0.6515,0.7059,0.7630,0.8242,0.8887,0.9581,1.0313,1.1111,1.1969,1.2859,1.3753,1.4881,1.6367,1.8034,1.9570,2.1105,2.2597,2.4118,2.5495,2.6838,2.8031,2.9038,2.9755,3.0240,3.0513,3.0579,3.0481,3.0408,3.0540,3.0795,3.1071,3.1404,3.1898,3.2462,3.3050,3.3675,3.4418,3.5285,3.6278,3.7334,3.8392,3.9504,4.0752,4.2156,4.3701,4.5409,4.7303,4.9245,5.1155,5.3217,5.5652,5.8150,6.0403,6.2673,6.5286,6.8101,7.0904,7.3628,7.6269,7.8875,8.1513,8.4245,8.7143,9.0069,9.2890,9.5656,9.8448,10.1108,10.3463,10.5597,10.7644,10.9599,11.1415,11.2877,11.3767,11.4226,11.4454,11.4299,11.3645,11.2551,11.1142,10.9351,10.7140,10.4602,10.1839,9.8962,9.5998,9.2978,8.9938,8.6997,8.4222,8.1371,7.8202,7.4765,7.1228,6.7937,6.5167,6.2685,6.0204,5.7739,5.5339,5.2851,5.0163,4.7513,4.5135,4.2867,4.0518,3.8197,3.6057,3.4162,3.2504,3.0896,2.9197,2.7628,2.6404,2.5344,2.4233,2.3122,2.2106,2.1189,2.0353,1.9582,1.8841,1.8024,1.7082,1.6264,1.5788,1.5476,1.5106,1.4694,1.4299,1.3918,1.3535,1.3150,1.2769,1.2392,1.2017,1.1644,1.1274,1.0907,1.0544,1.0183,0.9827,0.9474,0.9125,0.8779,0.8438,0.8101,0.7769,0.7441,0.7118,0.6799,0.6486,0.6178,0.5875,0.5577,0.5286,0.4999,0.4719,0.4445,0.4177,0.3915,0.3660,0.3412,0.3170,0.2936,0.2708,0.2488,0.2275,0.2070,0.1872,0.1683,0.1501,0.1328,0.1162,0.1006,0.0857,0.0718,0.0588,0.0466,0.0354,0.0251,0.0158,0.0074,0.0000
0.0000,-0.0010,0.0002,0.0039,0.0100,0.0187,0.0301,0.0442,0.0613,0.0814,0.1047,0.1313,0.1615,0.1953,0.2327,0.2736,0.3181,0.3657,0.4166,0.4701,0.5266,0.5852,0.6466,0.7102,0.7766,0.8457,0.9176,0.9944,1.0748,1.1610,1.2518,1.3496,1.4527,1.5651,1.6859,1.8113,1.9371,2.0962,2.3054,2.5402,2.7565,2.9728,3.1829,3.3973,3.5912,3.7804,3.9485,4.0903,4.1914,4.2596,4.2982,4.3076,4.2938,4.2835,4.3021,4.3380,4.3770,4.4239,4.4934,4.5729,4.6558,4.7440,4.8486,4.9707,5.1107,5.2595,5.4086,5.5654,5.7412,5.9391,6.1567,6.3975,6.6642,6.9379,7.2071,7.4977,7.8408,8.1929,8.5104,8.8303,9.1984,9.5952,9.9902,10.3741,10.7463,11.1135,11.4854,11.8704,12.2789,12.6913,13.0889,13.4788,13.8722,14.2473,14.5792,14.8800,15.1686,15.4442,15.7003,15.9064,16.0319,16.0968,16.1289,16.1073,16.0152,15.8612,15.6627,15.4103,15.0989,14.7413,14.3520,13.9466,13.5290,13.1034,12.6750,12.2606,11.8696,11.4677,11.0213,10.5368,10.0384,9.5746,9.1842,8.8344,8.4848,8.1375,7.7992,7.4485,7.0697,6.6962,6.3612,6.0415,5.7105,5.3833,5.0818,4.8146,4.5810,4.3544,4.1149,3.8939,3.7213,3.5719,3.4153,3.2587,3.1155,2.9863,2.8686,2.7599,2.6553,2.5402,2.4075,2.2922,2.2252,2.1812,2.1290,2.0709,2.0153,1.9616,1.9075,1.8534,1.7997,1.7465,1.6936,1.6410,1.5889,1.5372,1.4860,1.4352,1.3850,1.3352,1.2860,1.2373,1.1893,1.1418,1.0949,1.0487,1.0032,0.9583,0.9141,0.8707,0.8280,0.7861,0.7449,0.7046,0.6651,0.6265,0.5887,0.5518,0.5159,0.4809,0.4468,0.4137,0.3817,0.3506,0.3206,0.2917,0.2639,0.2372,0.2116,0.1871,0.1638,0.1417,0.1209,0.1012,0.0828,0.0657,0.0499,0.0354,0.0222,0.0104,0.0000
0.0000,-0.0014,0.0003,0.0053,0.0137,0.0257,0.0413,0.0607,0.0840,0.1116,0.1436,0.1801,0.2215,0.2678,0.3192,0.3753,0.4363,0.5016,0.5714,0.6449,0.7224,0.8027,0.8869,0.9742,1.0652,1.1601,1.2588,1.3640,1.4743,1.5926,1.7172,1.8513,1.9928,2.1470,2.3127,2.4848,2.6575,2.8756,3.1628,3.4849,3.7817,4.0785,4.3668,4.6611,4.9272,5.1870,5.4177,5.6125,5.7513,5.8450,5.8981,5.9111,5.8923,5.8784,5.9040,5.9534,6.0070,6.0715,6.1670,6.2762,6.3901,6.5112,6.6548,6.8226,7.0148,7.2191,7.4237,7.6390,7.8805,8.1521,8.4509,8.7815,9.1477,9.5235,9.8930,10.2920,10.7631,11.2464,11.6823,12.1215,12.6269,13.1716,13.7140,14.2411,14.7521,15.2563,15.7669,16.2955,16.8563,17.4225,17.9685,18.5037,19.0440,19.5590,20.0146,20.4277,20.8239,21.2023,21.5540,21.8370,22.0094,22.0985,22.1428,22.1131,21.9867,21.7754,21.5028,21.1564,20.7289,20.2381,19.7036,19.1470,18.5738,17.9896,17.4014,16.8325,16.2957,15.7441,15.1311,14.4660,13.7817,13.1450,12.6090,12.1288,11.6489,11.1720,10.7076,10.2262,9.7061,9.1933,8.7333,8.2944,7.8400,7.3908,6.9768,6.6101,6.2893,5.9782,5.6494,5.3459,5.1091,4.9039,4.6889,4.4739,4.2773,4.0999,3.9383,3.7891,3.6456,3.4875,3.3053,3.1470,3.0550,2.9946,2.9229,2.8432,2.7668,2.6931,2.6189,2.5446,2.4708,2.3978,2.3252,2.2530,2.1815,2.1105,2.0402,1.9704,1.9014,1.8331,1.7656,1.6988,1.6328,1.5676,1.5032,1.4398,1.3772,1.3156,1.2550,1.1954,1.1368,1.0792,1.0227,0.9674,0.9132,0.8601,0.8082,0.7576,0.7083,0.6602,0.6134,0.5680,0.5240,0.4814,0.4402,0.4005,0.3623,0.3256,0.2904,0.2569,0.2249,0.1946,0.1659,0.1390,0.1137,0.0902,0.0685,0.0486,0.0305,0.0143,0.0000
0.0000,-0.0017,0.0004,0.0063,0.0163,0.0304,0.0489,0.0719,0.0997,0.1323,0.1702,0.2136,0.2627,0.3176,0.3784,0.4450,0.5173,0.5948,0.6776,0.7647,0.8566,0.9519,1.0517,1.1553,1.2632,1.3756,1.4927,1.6175,1.7483,1.8886,2.0364,2.1954,2.3632,2.5461,2.7427,2.9468,3.1516,3.4103,3.7509,4.1330,4.4850,4.8371,5.1791,5.5282,5.8439,6.1521,6.4258,6.6570,6.8218,6.9331,6.9962,7.0118,6.9896,6.9732,7.0036,7.0624,7.1261,7.2027,7.3161,7.4457,7.5808,7.7245,7.8950,8.0940,8.3221,8.5645,8.8074,9.0628,9.3493,9.6716,10.0261,10.4183,10.8529,11.2987,11.7372,12.2105,12.7694,13.3429,13.8600,14.3811,14.9808,15.6270,16.2705,16.8958,17.5021,18.1003,18.7060,19.3331,19.9985,20.6702,21.3179,21.9529,22.5939,23.2048,23.7453,24.2354,24.7054,25.1544,25.5716,25.9072,26.1118,26.2174,26.2699,26.2347,26.0847,25.8339,25.5105,25.0995,24.5923,24.0099,23.3758,22.7155,22.0354,21.3423,20.6444,19.9695,19.3326,18.6782,17.9510,17.1619,16.3501,15.5947,14.9588,14.3891,13.8197,13.2540,12.7030,12.1319,11.5148,10.9066,10.3608,9.8401,9.3010,8.7682,8.2770,7.8419,7.4614,7.0923,6.7022,6.3422,6.0612,5.8177,5.5627,5.3076,5.0744,4.8640,4.6722,4.4952,4.3249,4.1374,3.9213,3.7334,3.6243,3.5526,3.4676,3.3730,3.2824,3.1949,3.1069,3.0187,2.9313,2.8446,2.7585,2.6728,2.5880,2.5038,2.4204,2.3376,2.2558,2.1747,2.0946,2.0153,1.9370,1.8597,1.7834,1.7081,1.6339,1.5608,1.4889,1.4181,1.3486,1.2803,1.2133,1.1476,1.0833,1.0204,0.9588,0.8988,0.8403,0.7832,0.7278,0.6739,0.6217,0.5711,0.5223,0.4751,0.4298,0.3863,0.3446,0.3047,0.2668,0.2308,0.1968,0.1648,0.1349,0.1070,0.0813,0.0576,0.0362,0.0170,0.0000
0.0000,-0.0016,0.0004,0.0062,0.0160,0.0299,0.0480,0.0706,0.0977,0.1298,0.1670,0.2095,0.2577,0.3115,0.3712,0.4365,0.5074,0.5834,0.6646,0.7501,0.8402,0.9337,1.0316,1.1331,1.2390,1.3493,1.4641,1.5865,1.7148,1.8524,1.9974,2.1534,2.3180,2.4974,2.6902,2.8903,3.0912,3.3450,3.6791,4.0539,4.3991,4.7444,5.0799,5.4223,5.7319,6.0343,6.3028,6.5295,6.6911,6.8003,6.8622,6.8774,6.8556,6.8395,6.8694,6.9271,6.9895,7.0646,7.1758,7.3029,7.4355,7.5764,7.7437,7.9389,8.1626,8.4003,8.6385,8.8890,9.1701,9.4861,9.8339,10.2186,10.6447,11.0820,11.5121,11.9763,12.5245,13.0870,13.5942,14.1053,14.6934,15.3273,15.9584,16.5717,17.1663,17.7530,18.3471,18.9622,19.6148,20.2737,20.9089,21.5317,22.1603,22.7595,23.2897,23.7703,24.2313,24.6716,25.0808,25.4101,25.6107,25.7142,25.7657,25.7312,25.5840,25.3380,25.0209,24.6178,24.1203,23.5491,22.9271,22.2795,21.6124,20.9326,20.2482,19.5862,18.9615,18.3196,17.6064,16.8325,16.0362,15.2953,14.6717,14.1129,13.5544,12.9996,12.4591,11.8990,11.2938,10.6972,10.1619,9.6512,9.1225,8.5998,8.1181,7.6914,7.3181,6.9561,6.5736,6.2204,5.9448,5.7061,5.4559,5.2057,4.9770,4.7706,4.5825,4.4089,4.2419,4.0579,3.8460,3.6617,3.5547,3.4844,3.4010,3.3082,3.2194,3.1336,3.0473,2.9608,2.8750,2.7900,2.7055,2.6215,2.5383,2.4557,2.3739,2.2928,2.2125,2.1330,2.0544,1.9767,1.8998,1.8240,1.7491,1.6753,1.6025,1.5308,1.4603,1.3909,1.3227,1.2557,1.1900,1.1256,1.0625,1.0008,0.9404,0.8815,0.8241,0.7682,0.7138,0.6610,0.6097,0.5601,0.5122,0.4660,0.4216,0.3789,0.3380,0.2989,0.2617,0.2264,0.1931,0.1617,0.1323,0.1050,0.0797,0.0565,0.0355,0.0166,0.0000
0.0000,-0.0016,0.0004,0.0062,0.0161,0.0300,0.0482,0.0709,0.0982,0.1304,0.1678,0.2105,0.2589,0.3131,0.3730,0.4386,0.5099,0.5863,0.6679,0.7538,0.8444,0.9383,1.0367,1.1388,1.2452,1.3560,1.4714,1.5944,1.7234,1.8616,2.0074,2.1641,2.3296,2.5098,2.7036,2.9048,3.1067,3.3618,3.6975,4.0742,4.4212,4.7682,5.1054,5.4495,5.7608,6.0647,6.3345,6.5625,6.7249,6.8347,6.8969,6.9123,6.8904,6.8743,6.9043,6.9623,7.0251,7.1006,7.2124,7.3402,7.4735,7.6151,7.7832,7.9794,8.2043,8.4432,8.6827,8.9345,9.2169,9.5346,9.8841,10.2708,10.6992,11.1387,11.5709,12.0375,12.5885,13.1538,13.6636,14.1773,14.7684,15.4055,16.0399,16.6563,17.2539,17.8436,18.4407,19.0589,19.7148,20.3769,21.0154,21.6413,22.2731,22.8753,23.4082,23.8912,24.3545,24.7970,25.2083,25.5391,25.7407,25.8448,25.8964,25.8617,25.7138,25.4665,25.1477,24.7425,24.2425,23.6684,23.0432,22.3923,21.7218,21.0385,20.3506,19.6853,19.0575,18.4123,17.6954,16.9176,16.1173,15.3727,14.7459,14.1842,13.6229,13.0653,12.5221,11.9591,11.3509,10.7513,10.2133,9.7000,9.1686,8.6433,8.1591,7.7302,7.3551,6.9913,6.6068,6.2518,5.9748,5.7349,5.4834,5.2320,5.0022,4.7947,4.6057,4.4311,4.2633,4.0784,3.8654,3.6802,3.5727,3.5020,3.4182,3.3249,3.2357,3.1494,3.0627,2.9757,2.8895,2.8041,2.7192,2.6348,2.5511,2.4681,2.3859,2.3043,2.2237,2.1438,2.0648,1.9866,1.9094,1.8332,1.7580,1.6838,1.6106,1.5386,1.4677,1.3979,1.3294,1.2621,1.1960,1.1313,1.0679,1.0058,0.9452,0.8860,0.8283,0.7721,0.7174,0.6643,0.6128,0.5630,0.5148,0.4684,0.4237,0.3808,0.3397,0.3004,0.2630,0.2276,0.1940,0.1625,0.1330,0.1055,0.0801,0.0568,0.0357,0.0167,0.0000
0.0000,-0.0012,0.0003,0.0046,0.0119,0.0222,0.0357,0.0525,0.0727,0.0966,0.1242,0.1558,0.1917,0.2317,0.2761,0.3246,0.3774,0.4339,0.4943,0.5579,0.6249,0.6944,0.7673,0.8428,0.9215,1.0036,1.0889,1.1800,1.2754,1.3777,1.4855,1.6015,1.7239,1.8573,2.0007,2.1495,2.2989,2.4876,2.7360,3.0147,3.2714,3.5281,3.7775,4.0320,4.2622,4.4869,4.6864,4.8549,4.9750,5.0560,5.1019,5.1131,5.0968,5.0847,5.1069,5.1496,5.1960,5.2517,5.3343,5.4287,5.5272,5.6319,5.7561,5.9012,6.0674,6.2441,6.4211,6.6073,6.8161,7.0510,7.3094,7.5953,7.9121,8.2370,8.5567,8.9017,9.3091,9.7271,10.1041,10.4839,10.9210,11.3921,11.8612,12.3170,12.7589,13.1950,13.6365,14.0936,14.5787,15.0683,15.5405,16.0034,16.4705,16.9159,17.3099,17.6671,18.0097,18.3370,18.6411,18.8858,19.0349,19.1119,19.1501,19.1244,19.0151,18.8322,18.5965,18.2969,17.9271,17.5026,17.0403,16.5590,16.0632,15.5579,15.0492,14.5572,14.0930,13.6159,13.0858,12.5106,11.9188,11.3681,10.9046,10.4893,10.0742,9.6618,9.2601,8.8438,8.3940,7.9506,7.5528,7.1732,6.7802,6.3917,6.0337,5.7165,5.4391,5.1701,4.8857,4.6233,4.4184,4.2410,4.0550,3.8691,3.6991,3.5457,3.4059,3.2768,3.1527,3.0160,2.8585,2.7215,2.6420,2.5898,2.5278,2.4588,2.3928,2.3290,2.2649,2.2006,2.1368,2.0736,2.0108,1.9484,1.8866,1.8252,1.7644,1.7041,1.6444,1.5853,1.5269,1.4691,1.4120,1.3557,1.3000,1.2452,1.1911,1.1378,1.0853,1.0338,0.9831,0.9333,0.8845,0.8366,0.7897,0.7438,0.6990,0.6552,0.6125,0.5709,0.5305,0.4913,0.4532,0.4163,0.3807,0.3464,0.3133,0.2816,0.2512,0.2221,0.1945,0.1683,0.1435,0.1202,0.0983,0.0780,0.0592,0.0420,0.0264,0.0124,0.0000
0.0000,-0.0014,0.0003,0.0053,0.0137,0.0257,0.0412,0.0606,0.0840,0.1115,0.1434,0.1800,0.2214,0.2676,0.3189,0.3750,0.4359,0.5012,0.5710,0.6444,0.7218,0.8021,0.8862,0.9735,1.0644,1.1592,1.2578,1.3630,1.4732,1.5914,1.7160,1.8500,1.9914,2.1455,2.3111,2.4831,2.6557,2.8737,3.1607,3.4827,3.7793,4.0760,4.3642,4.6583,4.9243,5.1841,5.4148,5.6096,5.7484,5.8423,5.8954,5.9085,5.8898,5.8760,5.9017,5.9512,6.0049,6.0694,6.1650,6.2742,6.3881,6.5091,6.6528,6.8205,7.0127,7.2169,7.4216,7.6368,7.8782,8.1497,8.4484,8.7789,9.1451,9.5207,9.8902,10.2890,10.7599,11.2431,11.6788,12.1179,12.6231,13.1676,13.7098,14.2367,14.7475,15.2515,15.7618,16.2902,16.8508,17.4168,17.9625,18.4975,19.0374,19.5522,20.0076,20.4204,20.8164,21.1946,21.5461,21.8289,22.0012,22.0901,22.1343,22.1046,21.9781,21.7668,21.4943,21.1479,20.7205,20.2298,19.6955,19.1391,18.5660,17.9820,17.3941,16.8254,16.2888,15.7373,15.1246,14.4598,13.7757,13.1393,12.6035,12.1235,11.6437,11.1671,10.7029,10.2216,9.7018,9.1893,8.7295,8.2907,7.8365,7.3875,6.9737,6.6071,6.2865,5.9755,5.6469,5.3436,5.1068,4.9017,4.6868,4.4719,4.2754,4.0981,3.9365,3.7874,3.6439,3.4859,3.3038,3.1455,3.0536,2.9932,2.9216,2.8419,2.7656,2.6918,2.6177,2.5434,2.4697,2.3967,2.3241,2.2520,2.1805,2.1096,2.0393,1.9696,1.9006,1.8323,1.7648,1.6980,1.6320,1.5669,1.5026,1.4391,1.3766,1.3150,1.2544,1.1948,1.1363,1.0787,1.0223,0.9669,0.9127,0.8597,0.8079,0.7573,0.7079,0.6599,0.6132,0.5678,0.5238,0.4812,0.4400,0.4003,0.3621,0.3254,0.2903,0.2568,0.2248,0.1945,0.1658,0.1389,0.1137,0.0902,0.0685,0.0486,0.0305,0.0143,0.0000
0.0000,-0.0012,0.0003,0.0044,0.0114,0.0214,0.0344,0.0505,0.0700,0.0929,0.1195,0.1500,0.1845,0.2231,0.2658,0.3125,0.3633,0.4177,0.4758,0.5370,0.6016,0.6685,0.7386,0.8113,0.8871,0.9661,1.0483,1.1359,1.2278,1.3263,1.4301,1.5417,1.6596,1.7880,1.9260,2.0693,2.2132,2.3949,2.6340,2.9023,3.1495,3.3967,3.6369,3.8819,4.1036,4.3201,4.5122,4.6745,4.7902,4.8684,4.9126,4.9235,4.9079,4.8963,4.9177,4.9589,5.0036,5.0574,5.1370,5.2279,5.3228,5.4236,5.5433,5.6830,5.8431,6.0133,6.1838,6.3631,6.5642,6.7905,7.0393,7.3147,7.6197,7.9327,8.2405,8.5728,8.9652,9.3677,9.7307,10.0965,10.5175,10.9711,11.4229,11.8618,12.2874,12.7073,13.1325,13.5727,14.0398,14.5113,14.9659,15.4116,15.8615,16.2903,16.6697,17.0137,17.3436,17.6587,17.9515,18.1871,18.3306,18.4047,18.4415,18.4167,18.3114,18.1352,17.9082,17.6196,17.2635,16.8547,16.4095,15.9459,15.4684,14.9819,14.4920,14.0182,13.5711,13.1116,12.6011,12.0472,11.4773,10.9471,10.5007,10.1008,9.7010,9.3039,8.9171,8.5162,8.0831,7.6561,7.2730,6.9075,6.5290,6.1550,5.8102,5.5048,5.2376,4.9785,4.7047,4.4520,4.2547,4.0839,3.9048,3.7258,3.5621,3.4143,3.2797,3.1554,3.0359,2.9043,2.7526,2.6207,2.5441,2.4938,2.4341,2.3677,2.3042,2.2427,2.1810,2.1190,2.0576,1.9968,1.9363,1.8762,1.8167,1.7576,1.6990,1.6409,1.5835,1.5266,1.4703,1.4147,1.3597,1.3054,1.2519,1.1990,1.1469,1.0956,1.0451,0.9955,0.9467,0.8987,0.8517,0.8056,0.7605,0.7163,0.6731,0.6309,0.5898,0.5498,0.5109,0.4731,0.4364,0.4009,0.3666,0.3335,0.3017,0.2711,0.2419,0.2139,0.1873,0.1620,0.1382,0.1157,0.0947,0.0751,0.0570,0.0405,0.0254,0.0119,0.0000
0.0000,-0.0012,0.0003,0.0046,0.0119,0.0223,0.0358,0.0527,0.0730,0.0969,0.1246,0.1564,0.1923,0.2325,0.2770,0.3258,0.3787,0.4354,0.4960,0.5598,0.6271,0.6968,0.7699,0.8457,0.9247,1.0070,1.0927,1.1841,1.2798,1.3825,1.4907,1.6071,1.7300,1.8639,2.0077,2.1572,2.3071,2.4965,2.7458,3.0256,3.2832,3.5410,3.7914,4.0469,4.2781,4.5038,4.7042,4.8735,4.9942,5.0757,5.1219,5.1333,5.1172,5.1052,5.1275,5.1706,5.2172,5.2733,5.3563,5.4512,5.5502,5.6554,5.7802,5.9260,6.0929,6.2704,6.4482,6.6352,6.8450,7.0809,7.3404,7.6276,7.9457,8.2721,8.5931,8.9396,9.3488,9.7686,10.1471,10.5286,10.9676,11.4407,11.9117,12.3695,12.8133,13.2512,13.6946,14.1536,14.6407,15.1324,15.6065,16.0713,16.5405,16.9877,17.3833,17.7420,18.0860,18.4146,18.7200,18.9657,19.1153,19.1926,19.2309,19.2051,19.0952,18.9116,18.6748,18.3739,18.0025,17.5762,17.1119,16.6285,16.1306,15.6232,15.1124,14.6183,14.1520,13.6729,13.1406,12.5630,11.9686,11.4157,10.9502,10.5331,10.1163,9.7022,9.2988,8.8808,8.4291,7.9838,7.5843,7.2031,6.8085,6.4184,6.0589,5.7404,5.4618,5.1916,4.9061,4.6426,4.4369,4.2587,4.0720,3.8853,3.7146,3.5605,3.4201,3.2905,3.1659,3.0286,2.8704,2.7329,2.6530,2.6006,2.5383,2.4691,2.4028,2.3387,2.2743,2.2098,2.1457,2.0823,2.0192,1.9566,1.8944,1.8328,1.7717,1.7112,1.6513,1.5919,1.5333,1.4753,1.4179,1.3613,1.3055,1.2504,1.1960,1.1425,1.0899,1.0381,0.9872,0.9372,0.8882,0.8401,0.7930,0.7469,0.7019,0.6579,0.6151,0.5733,0.5327,0.4933,0.4551,0.4181,0.3823,0.3478,0.3146,0.2828,0.2522,0.2231,0.1953,0.1690,0.1441,0.1207,0.0987,0.0783,0.0595,0.0422,0.0265,0.0124,0.0000
0.0000,-0.0013,0.0003,0.0051,0.0130,0.0243,0.0391,0.0575,0.0797,0.1058,0.1361,0.1708,0.2100,0.2539,0.3026,0.3558,0.4136,0.4755,0.5417,0.6114,0.6849,0.7611,0.8409,0.9237,1.0100,1.0999,1.1935,1.2932,1.3978,1.5100,1.6282,1.7553,1.8895,2.0358,2.1930,2.3562,2.5199,2.7269,2.9992,3.3048,3.5864,3.8679,4.1415,4.4208,4.6734,4.9201,5.1391,5.3242,5.4561,5.5454,5.5960,5.6086,5.5910,5.5780,5.6025,5.6497,5.7008,5.7621,5.8529,5.9567,6.0649,6.1799,6.3164,6.4757,6.6582,6.8522,7.0465,7.2509,7.4801,7.7380,8.0217,8.3355,8.6831,9.0398,9.3906,9.7693,10.2165,10.6753,11.0890,11.5059,11.9856,12.5026,13.0174,13.5177,14.0027,14.4812,14.9657,15.4674,15.9997,16.5370,17.0551,17.5630,18.0757,18.5644,18.9967,19.3887,19.7646,20.1237,20.4573,20.7258,20.8893,20.9737,21.0156,20.9873,20.8672,20.6665,20.4077,20.0789,19.6730,19.2071,18.6997,18.1715,17.6273,17.0728,16.5146,15.9746,15.4651,14.9415,14.3597,13.7285,13.0791,12.4748,11.9661,11.5104,11.0549,10.6023,10.1615,9.7047,9.2111,8.7245,8.2879,7.8714,7.4402,7.0139,6.6210,6.2729,5.9686,5.6733,5.3613,5.0733,4.8485,4.6538,4.4497,4.2457,4.0592,3.8908,3.7374,3.5958,3.4596,3.3096,3.1367,2.9864,2.8992,2.8418,2.7738,2.6981,2.6257,2.5557,2.4853,2.4148,2.3448,2.2755,2.2065,2.1381,2.0702,2.0028,1.9361,1.8699,1.8045,1.7396,1.6755,1.6121,1.5495,1.4876,1.4266,1.3663,1.3070,1.2485,1.1910,1.1344,1.0788,1.0241,0.9706,0.9180,0.8666,0.8162,0.7670,0.7190,0.6721,0.6265,0.5821,0.5391,0.4973,0.4568,0.4178,0.3801,0.3438,0.3090,0.2756,0.2438,0.2134,0.1847,0.1575,0.1319,0.1079,0.0856,0.0650,0.0461,0.0290,0.0136,0.0000
0.0000,-0.0011,0.0003,0.0043,0.0111,0.0207,0.0333,0.0489,0.0677,0.0899,0.1157,0.1452,0.1786,0.2159,0.2572,0.3025,0.3516,0.4043,0.4606,0.5198,0.5823,0.6470,0.7149,0.7853,0.8587,0.9351,1.0147,1.0995,1.1884,1.2838,1.3843,1.4924,1.6065,1.7308,1.8644,2.0032,2.1424,2.3184,2.5499,2.8098,3.0491,3.2885,3.5211,3.7586,3.9733,4.1831,4.3693,4.5267,4.6389,4.7148,4.7578,4.7685,4.7536,4.7426,4.7634,4.8035,4.8469,4.8991,4.9763,5.0645,5.1565,5.2543,5.3703,5.5057,5.6609,5.8258,5.9911,6.1648,6.3597,6.5789,6.8201,7.0869,7.3824,7.6857,7.9839,8.3058,8.6860,9.0760,9.4277,9.7821,10.1900,10.6295,11.0671,11.4924,11.9046,12.3114,12.7233,13.1497,13.6022,14.0590,14.4994,14.9312,15.3669,15.7823,16.1498,16.4830,16.8025,17.1077,17.3913,17.6194,17.7584,17.8301,17.8656,17.8415,17.7394,17.5687,17.3487,17.0690,16.7240,16.3279,15.8965,15.4474,14.9848,14.5134,14.0388,13.5798,13.1466,12.7015,12.2069,11.6704,11.1183,10.6046,10.1721,9.7847,9.3975,9.0128,8.6381,8.2497,7.8301,7.4165,7.0453,6.6913,6.3247,5.9623,5.6283,5.3324,5.0737,4.8227,4.5575,4.3126,4.1215,3.9560,3.7826,3.6091,3.4506,3.3074,3.1771,3.0567,2.9409,2.8134,2.6664,2.5387,2.4645,2.4157,2.3579,2.2936,2.2320,2.1725,2.1127,2.0527,1.9932,1.9343,1.8757,1.8175,1.7598,1.7026,1.6458,1.5896,1.5339,1.4788,1.4243,1.3704,1.3172,1.2646,1.2127,1.1615,1.1110,1.0613,1.0124,0.9643,0.9170,0.8706,0.8250,0.7804,0.7366,0.6938,0.6520,0.6112,0.5714,0.5326,0.4949,0.4582,0.4227,0.3883,0.3551,0.3231,0.2923,0.2627,0.2343,0.2072,0.1814,0.1570,0.1338,0.1121,0.0917,0.0728,0.0553,0.0392,0.0246,0.0115,0.0000
0.0000,-0.0009,0.0002,0.0035,0.0091,0.0170,0.0272,0.0401,0.0555,0.0737,0.0948,0.1189,0.1463,0.1769,0.2107,0.2478,0.2881,0.3312,0.3773,0.4258,0.4770,0.5301,0.5857,0.6433,0.7034,0.7661,0.8312,0.9007,0.9736,1.0517,1.1340,1.2226,1.3161,1.4179,1.5274,1.6411,1.7551,1.8992,2.0889,2.3018,2.4978,2.6940,2.8845,3.0790,3.2549,3.4267,3.5793,3.7082,3.8001,3.8622,3.8975,3.9062,3.8940,3.8849,3.9020,3.9348,3.9704,4.0131,4.0763,4.1486,4.2239,4.3040,4.3990,4.5099,4.6370,4.7721,4.9074,5.0497,5.2094,5.3889,5.5864,5.8049,6.0470,6.2954,6.5396,6.8033,7.1147,7.4341,7.7222,8.0124,8.3465,8.7064,9.0649,9.4132,9.7508,10.0840,10.4213,10.7706,11.1411,11.5152,11.8759,12.2295,12.5864,12.9266,13.2276,13.5004,13.7621,14.0120,14.2443,14.4311,14.5449,14.6036,14.6326,14.6129,14.5292,14.3894,14.2091,13.9801,13.6975,13.3730,13.0197,12.6518,12.2730,11.8868,11.4981,11.1222,10.7674,10.4028,9.9978,9.5583,9.1061,8.6853,8.3312,8.0138,7.6967,7.3816,7.0747,6.7566,6.4130,6.0742,5.7702,5.4802,5.1800,4.8832,4.6097,4.3673,4.1554,3.9499,3.7326,3.5321,3.3756,3.2400,3.0980,2.9559,2.8261,2.7088,2.6020,2.5034,2.4086,2.3042,2.1838,2.0792,2.0184,1.9785,1.9312,1.8785,1.8281,1.7793,1.7303,1.6812,1.6325,1.5842,1.5362,1.4886,1.4413,1.3944,1.3479,1.3019,1.2563,1.2112,1.1665,1.1224,1.0788,1.0357,0.9932,0.9513,0.9099,0.8692,0.8292,0.7898,0.7511,0.7130,0.6757,0.6391,0.6033,0.5683,0.5340,0.5006,0.4680,0.4362,0.4053,0.3753,0.3462,0.3181,0.2909,0.2646,0.2394,0.2151,0.1919,0.1697,0.1486,0.1286,0.1096,0.0918,0.0751,0.0596,0.0453,0.0321,0.0202,0.0095,0.0000
0.0000,-0.0007,0.0002,0.0025,0.0065,0.0121,0.0194,0.0285,0.0395,0.0525,0.0675,0.0848,0.1042,0.1260,0.1502,0.1766,0.2053,0.2360,0.2689,0.3035,0.3400,0.3778,0.4174,0.4585,0.5013,0.5460,0.5924,0.6419,0.6939,0.7495,0.8082,0.8713,0.9379,1.0105,1.0886,1.1696,1.2509,1.3536,1.4888,1.6405,1.7802,1.9200,2.0558,2.1945,2.3199,2.4423,2.5511,2.6429,2.7084,2.7527,2.7779,2.7841,2.7754,2.7689,2.7811,2.8045,2.8298,2.8603,2.9054,2.9569,3.0106,3.0676,3.1353,3.2144,3.3050,3.4012,3.4977,3.5991,3.7128,3.8408,3.9815,4.1372,4.3098,4.4867,4.6608,4.8487,5.0706,5.2982,5.5035,5.7103,5.9483,6.2048,6.4602,6.7084,6.9490,7.1864,7.4267,7.6756,7.9396,8.2061,8.4631,8.7150,8.9693,9.2116,9.4260,9.6204,9.8068,9.9848,10.1503,10.2833,10.3643,10.4061,10.4267,10.4126,10.3529,10.2532,10.1247,9.9615,9.7600,9.5288,9.2770,9.0149,8.7449,8.4697,8.1927,7.9248,7.6720,7.4122,7.1236,6.8104,6.4882,6.1884,5.9360,5.7099,5.4839,5.2594,5.0408,4.8141,4.5692,4.3279,4.1113,3.9047,3.6907,3.4793,3.2844,3.1117,2.9607,2.8143,2.6595,2.5166,2.4051,2.3085,2.2073,2.1061,2.0136,1.9300,1.8539,1.7837,1.7161,1.6417,1.5560,1.4814,1.4381,1.4097,1.3759,1.3384,1.3025,1.2677,1.2328,1.1978,1.1631,1.1287,1.0946,1.0606,1.0269,0.9935,0.9604,0.9276,0.8951,0.8629,0.8311,0.7997,0.7686,0.7379,0.7076,0.6778,0.6483,0.6193,0.5908,0.5627,0.5351,0.5080,0.4814,0.4554,0.4299,0.4049,0.3805,0.3566,0.3334,0.3108,0.2888,0.2674,0.2467,0.2266,0.2072,0.1885,0.1705,0.1533,0.1367,0.1209,0.1059,0.0916,0.0781,0.0654,0.0535,0.0425,0.0322,0.0229,0.0144,0.0067,0.0000
0.0000,-0.0006,0.0001,0.0021,0.0054,0.0101,0.0162,0.0238,0.0329,0.0437,0.0562,0.0706,0.0868,0.1049,0.1250,0.1470,0.1709,0.1965,0.2239,0.2527,0.2831,0.3145,0.3475,0.3817,0.4174,0.4546,0.4933,0.5345,0.5777,0.6241,0.6730,0.7255,0.7810,0.8414,0.9064,0.9739,1.0416,1.1271,1.2397,1.3661,1.4824,1.5988,1.7120,1.8274,1.9319,2.0339,2.1245,2.2010,2.2556,2.2925,2.3135,2.3187,2.3115,2.3061,2.3163,2.3358,2.3569,2.3823,2.4198,2.4627,2.5075,2.5550,2.6114,2.6773,2.7527,2.8329,2.9132,2.9977,3.0924,3.1990,3.3162,3.4459,3.5896,3.7370,3.8819,4.0384,4.2232,4.4128,4.5837,4.7559,4.9541,5.1677,5.3804,5.5871,5.7874,5.9851,6.1852,6.3924,6.6123,6.8342,7.0481,7.2579,7.4696,7.6714,7.8499,8.0117,8.1669,8.3151,8.4528,8.5636,8.6310,8.6657,8.6828,8.6710,8.6212,8.5382,8.4311,8.2952,8.1274,7.9348,7.7251,7.5067,7.2819,7.0527,6.8220,6.5989,6.3884,6.1721,5.9317,5.6709,5.4026,5.1530,4.9428,4.7545,4.5664,4.3794,4.1973,4.0086,3.8047,3.6037,3.4234,3.2513,3.0732,2.8971,2.7348,2.5910,2.4653,2.3433,2.2145,2.0955,2.0026,1.9222,1.8379,1.7537,1.6766,1.6071,1.5437,1.4852,1.4290,1.3670,1.2956,1.2335,1.1975,1.1738,1.1457,1.1144,1.0845,1.0556,1.0265,0.9974,0.9685,0.9399,0.9114,0.8831,0.8551,0.8273,0.7997,0.7724,0.7453,0.7185,0.6921,0.6659,0.6400,0.6144,0.5892,0.5644,0.5398,0.5157,0.4919,0.4686,0.4456,0.4230,0.4009,0.3792,0.3579,0.3371,0.3168,0.2970,0.2776,0.2588,0.2404,0.2227,0.2054,0.1887,0.1726,0.1570,0.1420,0.1276,0.1138,0.1007,0.0882,0.0763,0.0650,0.0545,0.0446,0.0354,0.0268,0.0190,0.0120,0.0056,0.0000
0.0000,-0.0003,0.0001,0.0012,0.0031,0.0057,0.0092,0.0136,0.0188,0.0250,0.0321,0.0403,0.0496,0.0600,0.0715,0.0840,0.0977,0.1123,0.1280,0.1444,0.1618,0.1798,0.1986,0.2182,0.2386,0.2598,0.2820,0.3055,0.3303,0.3568,0.3847,0.4148,0.4465,0.4811,0.5182,0.5568,0.5955,0.6445,0.7089,0.7811,0.8477,0.9143,0.9790,1.0451,1.1049,1.1633,1.2152,1.2590,1.2903,1.3115,1.3235,1.3266,1.3225,1.3195,1.3253,1.3365,1.3486,1.3632,1.3847,1.4093,1.4349,1.4621,1.4944,1.5321,1.5753,1.6212,1.6672,1.7155,1.7697,1.8307,1.8978,1.9720,2.0542,2.1386,2.2215,2.3111,2.4168,2.5252,2.6230,2.7216,2.8350,2.9572,3.0788,3.1970,3.3116,3.4247,3.5391,3.6577,3.7834,3.9103,4.0327,4.1526,4.2737,4.3890,4.4911,4.5836,4.6723,4.7570,4.8357,4.8990,4.9375,4.9573,4.9670,4.9602,4.9317,4.8841,4.8228,4.7449,4.6489,4.5387,4.4187,4.2938,4.1651,4.0340,3.9020,3.7744,3.6539,3.5302,3.3927,3.2435,3.0900,2.9472,2.8270,2.7193,2.6117,2.5047,2.4006,2.2926,2.1760,2.0610,1.9579,1.8595,1.7576,1.6569,1.5641,1.4819,1.4099,1.3402,1.2665,1.1984,1.1453,1.0993,1.0511,1.0029,0.9589,0.9191,0.8829,0.8494,0.8172,0.7818,0.7410,0.7055,0.6848,0.6713,0.6552,0.6374,0.6202,0.6037,0.5871,0.5704,0.5539,0.5375,0.5212,0.5051,0.4890,0.4731,0.4573,0.4417,0.4263,0.4109,0.3958,0.3808,0.3660,0.3514,0.3370,0.3228,0.3087,0.2949,0.2813,0.2680,0.2548,0.2419,0.2293,0.2169,0.2047,0.1928,0.1812,0.1698,0.1588,0.1480,0.1375,0.1273,0.1175,0.1079,0.0987,0.0898,0.0812,0.0730,0.0651,0.0576,0.0504,0.0436,0.0372,0.0311,0.0255,0.0202,0.0154,0.0109,0.0068,0.0032,0.0000
0.0000,-0.0003,0.0001,0.0013,0.0034,0.0063,0.0101,0.0148,0.0205,0.0273,0.0351,0.0440,0.0541,0.0654,0.0780,0.0917,0.1066,0.1225,0.1396,0.1576,0.1765,0.1961,0.2167,0.2380,0.2603,0.2835,0.3076,0.3333,0.3603,0.3892,0.4197,0.4524,0.4870,0.5248,0.5653,0.6074,0.6496,0.7030,0.7732,0.8520,0.9246,0.9972,1.0678,1.1398,1.2050,1.2686,1.3252,1.3729,1.4070,1.4301,1.4432,1.4465,1.4420,1.4386,1.4450,1.4572,1.4704,1.4862,1.5096,1.5364,1.5643,1.5940,1.6292,1.6702,1.7173,1.7673,1.8174,1.8701,1.9292,1.9956,2.0688,2.1496,2.2392,2.3312,2.4216,2.5191,2.6344,2.7526,2.8592,2.9666,3.0901,3.2233,3.3559,3.4848,3.6096,3.7329,3.8576,3.9868,4.1238,4.2621,4.3955,4.5262,4.6581,4.7839,4.8951,4.9959,5.0926,5.1849,5.2707,5.3397,5.3816,5.4032,5.4138,5.4063,5.3752,5.3233,5.2565,5.1717,5.0670,4.9469,4.8161,4.6799,4.5397,4.3968,4.2529,4.1138,3.9825,3.8476,3.6978,3.5352,3.3679,3.2122,3.0812,2.9638,2.8465,2.7300,2.6164,2.4988,2.3717,2.2464,2.1340,2.0267,1.9157,1.8059,1.7047,1.6151,1.5367,1.4607,1.3804,1.3062,1.2483,1.1982,1.1457,1.0931,1.0451,1.0018,0.9623,0.9258,0.8907,0.8521,0.8076,0.7689,0.7464,0.7317,0.7142,0.6947,0.6760,0.6580,0.6399,0.6217,0.6037,0.5858,0.5681,0.5505,0.5330,0.5157,0.4985,0.4814,0.4646,0.4479,0.4314,0.4151,0.3989,0.3830,0.3673,0.3518,0.3365,0.3214,0.3066,0.2921,0.2777,0.2637,0.2499,0.2364,0.2231,0.2101,0.1975,0.1851,0.1731,0.1613,0.1499,0.1388,0.1280,0.1176,0.1076,0.0979,0.0885,0.0796,0.0710,0.0628,0.0550,0.0475,0.0405,0.0339,0.0278,0.0220,0.0167,0.0119,0.0075,0.0035,0.0000
0.0000,-0.0001,0.0000,0.0005,0.0013,0.0024,0.0039,0.0058,0.0080,0.0106,0.0137,0.0172,0.0211,0.0256,0.0305,0.0358,0.0417,0.0479,0.0546,0.0616,0.0690,0.0767,0.0847,0.0931,0.1018,0.1108,0.1203,0.1303,0.1409,0.1522,0.1641,0.1769,0.1905,0.2052,0.2211,0.2376,0.2541,0.2750,0.3025,0.3333,0.3618,0.3902,0.4179,0.4461,0.4716,0.4966,0.5188,0.5375,0.5509,0.5600,0.5652,0.5666,0.5649,0.5636,0.5661,0.5709,0.5761,0.5824,0.5916,0.6021,0.6131,0.6247,0.6385,0.6546,0.6731,0.6927,0.7124,0.7330,0.7562,0.7822,0.8109,0.8426,0.8777,0.9137,0.9492,0.9874,1.0326,1.0789,1.1206,1.1627,1.2111,1.2633,1.3152,1.3657,1.4146,1.4628,1.5117,1.5623,1.6159,1.6701,1.7223,1.7735,1.8251,1.8743,1.9178,1.9573,1.9951,2.0312,2.0648,2.0917,2.1081,2.1165,2.1206,2.1176,2.1054,2.0850,2.0588,2.0255,1.9845,1.9374,1.8861,1.8328,1.7778,1.7218,1.6655,1.6110,1.5595,1.5067,1.4480,1.3843,1.3188,1.2578,1.2065,1.1605,1.1146,1.0689,1.0245,0.9784,0.9286,0.8796,0.8355,0.7935,0.7501,0.7071,0.6675,0.6324,0.6017,0.5719,0.5405,0.5114,0.4888,0.4691,0.4486,0.4280,0.4092,0.3922,0.3768,0.3625,0.3487,0.3336,0.3162,0.3010,0.2922,0.2865,0.2796,0.2720,0.2647,0.2576,0.2505,0.2434,0.2364,0.2294,0.2224,0.2155,0.2087,0.2019,0.1952,0.1885,0.1819,0.1754,0.1689,0.1625,0.1562,0.1500,0.1438,0.1377,0.1317,0.1259,0.1201,0.1144,0.1087,0.1032,0.0978,0.0925,0.0874,0.0823,0.0773,0.0725,0.0678,0.0632,0.0587,0.0543,0.0501,0.0461,0.0421,0.0383,0.0347,0.0311,0.0278,0.0246,0.0215,0.0186,0.0159,0.0133,0.0109,0.0086,0.0066,0.0046,0.0029,0.0014,0.0000
0.0000,-0.0000,0.0000,0.0002,0.0005,0.0009,0.0014,0.0021,0.0029,0.0038,0.0049,0.0061,0.0075,0.0091,0.0108,0.0128,0.0148,0.0171,0.0194,0.0219,0.0246,0.0273,0.0302,0.0331,0.0362,0.0395,0.0428,0.0464,0.0502,0.0542,0.0585,0.0630,0.0679,0.0731,0.0788,0.0846,0.0905,0.0980,0.1078,0.1188,0.1289,0.1391,0.1489,0.1590,0.1681,0.1770,0.1850,0.1917,0.1965,0.1997,0.2016,0.2021,0.2015,0.2011,0.2020,0.2037,0.2056,0.2078,0.2111,0.2149,0.2188,0.2229,0.2279,0.2336,0.2402,0.2472,0.2542,0.2616,0.2699,0.2792,0.2894,0.3007,0.3132,0.3261,0.3387,0.3524,0.3685,0.3850,0.3999,0.4149,0.4322,0.4508,0.4693,0.4873,0.5048,0.5220,0.5394,0.5574,0.5765,0.5958,0.6145,0.6327,0.6511,0.6687,0.6842,0.6982,0.7117,0.7245,0.7365,0.7461,0.7519,0.7549,0.7563,0.7553,0.7509,0.7436,0.7342,0.7223,0.7077,0.6909,0.6726,0.6536,0.6340,0.6140,0.5939,0.5744,0.5561,0.5372,0.5163,0.4936,0.4702,0.4485,0.4302,0.4138,0.3974,0.3811,0.3653,0.3488,0.3311,0.3136,0.2979,0.2829,0.2674,0.2521,0.2380,0.2255,0.2145,0.2039,0.1927,0.1823,0.1743,0.1673,0.1599,0.1526,0.1459,0.1398,0.1343,0.1292,0.1243,0.1189,0.1127,0.1073,0.1042,0.1021,0.0997,0.0970,0.0944,0.0918,0.0893,0.0868,0.0843,0.0818,0.0793,0.0768,0.0744,0.0720,0.0696,0.0672,0.0648,0.0625,0.0602,0.0579,0.0557,0.0535,0.0513,0.0491,0.0470,0.0449,0.0428,0.0408,0.0388,0.0368,0.0349,0.0330,0.0311,0.0293,0.0276,0.0258,0.0242,0.0225,0.0209,0.0194,0.0179,0.0164,0.0150,0.0137,0.0124,0.0111,0.0099,0.0088,0.0077,0.0066,0.0057,0.0047,0.0039,0.0031,0.0023,0.0017,0.0010,0.0005,0.0000
0.0000,-0.0000,0.0000,0.0001,0.0002,0.0004,0.0007,0.0010,0.0013,0.0018,0.0023,0.0029,0.0035,0.0043,0.0051,0.0060,0.0069,0.0080,0.0091,0.0102,0.0115,0.0128,0.0141,0.0155,0.0169,0.0184,0.0200,0.0217,0.0234,0.0253,0.0273,0.0295,0.0317,0.0342,0.0368,0.0396,0.0423,0.0458,0.0504,0.0555,0.0602,0.0650,0.0696,0.0743,0.0785,0.0827,0.0864,0.0895,0.0918,0.0933,0.0942,0.0944,0.0941,0.0939,0.0943,0.0951,0.0960,0.0970,0.0986,0.1003,0.1022,0.1041,0.1064,0.1091,0.1122,0.1154,0.1187,0.1221,0.1260,0.1303,0.1351,0.1404,0.1463,0.1523,0.1582,0.1645,0.1720,0.1798,0.1867,0.1937,0.2018,0.2105,0.2191,0.2275,0.2357,0.2437,0.2518,0.2602,0.2692,0.2782,0.2869,0.2954,0.3040,0.3122,0.3194,0.3260,0.3323,0.3383,0.3438,0.3483,0.3510,0.3524,0.3531,0.3526,0.3506,0.3472,0.3428,0.3372,0.3304,0.3226,0.3140,0.3051,0.2960,0.2867,0.2773,0.2682,0.2596,0.2508,0.2410,0.2304,0.2195,0.2094,0.2008,0.1932,0.1855,0.1779,0.1705,0.1629,0.1546,0.1464,0.1391,0.1321,0.1249,0.1177,0.1111,0.1053,0.1002,0.0952,0.0900,0.0851,0.0814,0.0781,0.0747,0.0712,0.0681,0.0653,0.0627,0.0603,0.0580,0.0555,0.0526,0.0501,0.0486,0.0477,0.0465,0.0453,0.0441,0.0429,0.0417,0.0405,0.0393,0.0382,0.0370,0.0359,0.0347,0.0336,0.0325,0.0314,0.0303,0.0292,0.0281,0.0270,0.0260,0.0250,0.0239,0.0229,0.0219,0.0209,0.0200,0.0190,0.0181,0.0172,0.0163,0.0154,0.0145,0.0137,0.0129,0.0121,0.0113,0.0105,0.0098,0.0090,0.0083,0.0077,0.0070,0.0064,0.0058,0.0052,0.0046,0.0041,0.0036,0.0031,0.0026,0.0022,0.0018,0.0014,0.0011,0.0008,0.0005,0.0002,0.0000
0.0000,0.0000,0.0000,0.0000,0.0000,0.0000,0.0000,0.0000,0.0000,0.0000,0.0000,0.0000,0.0000,0.0000,0.0000,0.0000,0.0000,0.0000,0.0000,0.0000,0.0000,0.0000,0.0000,0.0000,0.0000,0.0000,0.0000,0.0000,0.0000,0.0000,0.0000,0.0000,0.0000,0.0000,0.0000,0.0000,0.0000,0.0000,0.0000,0.0000,0.0000,0.0000,0.0000,0.0000,0.0000,0.0000,0.0000,0.0000,0.0000,0.0000,0.0000,0.0000,0.0000,0.0000,0.0000,0.0000,0.0000,0.0000,0.0000,0.0000,0.0000,0.0000,0.0000,0.0000,0.0000,0.0000,0.0000,0.0000,0.0000,0.0000,0.0000,0.0000,0.0000,0.0000,0.0000,0.0000,0.0000,0.0000,0.0000,0.0000,0.0000,0.0000,0.0000,0.0000,0.0000,0.0000,0.0000,0.0000,0.0000,0.0000,0.0000,0.0000,0.0000,0.0000,0.0000,0.0000,0.0000,0.0000,0.0000,0.0000,0.0000,0.0000,0.0000,0.0000,0.0000,0.0000,0.0000,0.0000,0.0000,0.0000,0.0000,0.0000,0.0000,0.0000,0.0000,0.0000,0.0000,0.0000,0.0000,0.0000,0.0000,0.0000,0.0000,0.0000,0.0000,0.0000,0.0000,0.0000,0.0000,0.0000,0.0000,0.0000,0.0000,0.0000,0.0000,0.0000,0.0000,0.0000,0.0000,0.0000,0.0000,0.0000,0.0000,0.0000,0.0000,0.0000,0.0000,0.0000,0.0000,0.0000,0.0000,0.0000,0.0000,0.0000,0.0000,0.0000,0.0000,0.0000,0.0000,0.0000,0.0000,0.0000,0.0000,0.0000,0.0000,0.0000,0.0000,0.0000,0.0000,0.0000,0.0000,0.0000,0.0000,0.0000,0.0000,0.0000,0.0000,0.0000,0.0000,0.0000,0.0000,0.0000,0.0000,0.0000,0.0000,0.0000,0.0000,0.0000,0.0000,0.0000,0.0000,0.0000,0.0000,0.0000,0.0000,0.0000,0.0000,0.0000,0.0000,0.0000,0.0000,0.0000,0.0000,0.0000,0.0000,0.0000,0.0000,0.0000,0.0000,0.0000,0.0000
0.0000,0.0000,0.0000,0.0000,0.0000,0.0000,0.0000,0.0000,0.0000,0.0000,0.0000,0.0000,0.0000,0.0000,0.0000,0.0000,0.0000,0.0000,0.0000,0.0000,0.0000,0.0000,0.0000,0.0000,0.0000,0.0000,0.0000,0.0000,0.0000,0.0000,0.0000,0.0000,0.0000,0.0000,0.0000,0.0000,0.0000,0.0000,0.0000,0.0000,0.0000,0.0000,0.0000,0.0000,0.0000,0.0000,0.0000,0.0000,0.0000,0.0000,0.0000,0.0000,0.0000,0.0000,0.0000,0.0000,0.0000,0.0000,0.0000,0.0000,0.0000,0.0000,0.0000,0.0000,0.0000,0.0000,0.0000,0.0000,0.0000,0.0000,0.0000,0.0000,0.0000,0.0000,0.0000,0.0000,0.0000,0.0000,0.0000,0.0000,0.0000,0.0000,0.0000,0.0000,0.0000,0.0000,0.0000,0.0000,0.0000,0.0000,0.0000,0.0000,0.0000,0.0000,0.0000,0.0000,0.0000,0.0000,0.0000,0.0000,0.0000,0.0000,0.0000,0.0000,0.0000,0.0000,0.0000,0.0000,0.0000,0.0000,0.0000,0.0000,0.0000,0.0000,0.0000,0.0000,0.0000,0.0000,0.0000,0.0000,0.0000,0.0000,0.0000,0.0000,0.0000,0.0000,0.0000,0.0000,0.0000,0.0000,0.0000,0.0000,0.0000,0.0000,0.0000,0.0000,0.0000,0.0000,0.0000,0.0000,0.0000,0.0000,0.0000,0.0000,0.0000,0.0000,0.0000,0.0000,0.0000,0.0000,0.0000,0.0000,0.0000,0.0000,0.0000,0.0000,0.0000,0.0000,0.0000,0.0000,0.0000,0.0000,0.0000,0.0000,0.0000,0.0000,0.0000,0.0000,0.0000,0.0000,0.0000,0.0000,0.0000,0.0000,0.0000,0.0000,0.0000,0.0000,0.0000,0.0000,0.0000,0.0000,0.0000,0.0000,0.0000,0.0000,0.0000,0.0000,0.0000,0.0000,0.0000,0.0000,0.0000,0.0000,0.0000,0.0000,0.0000,0.0000,0.0000,0.0000,0.0000,0.0000,0.0000,0.0000,0.0000,0.0000,0.0000,0.0000,0.0000,0.0000,0.0000
0.0000,0.0000,0.0000,0.0000,0.0000,0.0000,0.0000,0.0000,0.0000,0.0000,0.0000,0.0000,0.0000,0.0000,0.0000,0.0000,0.0000,0.0000,0.0000,0.0000,0.0000,0.0000,0.0000,0.0000,0.0000,0.0000,0.0000,0.0000,0.0000,0.0000,0.0000,0.0000,0.0000,0.0000,0.0000,0.0000,0.0000,0.0000,0.0000,0.0000,0.0000,0.0000,0.0000,0.0000,0.0000,0.0000,0.0000,0.0000,0.0000,0.0000,0.0000,0.0000,0.0000,0.0000,0.0000,0.0000,0.0000,0.0000,0.0000,0.0000,0.0000,0.0000,0.0000,0.0000,0.0000,0.0000,0.0000,0.0000,0.0000,0.0000,0.0000,0.0000,0.0000,0.0000,0.0000,0.0000,0.0000,0.0000,0.0000,0.0000,0.0000,0.0000,0.0000,0.0000,0.0000,0.0000,0.0000,0.0000,0.0000,0.0000,0.0000,0.0000,0.0000,0.0000,0.0000,0.0000,0.0000,0.0000,0.0000,0.0000,0.0000,0.0000,0.0000,0.0000,0.0000,0.0000,0.0000,0.0000,0.0000,0.0000,0.0000,0.0000,0.0000,0.0000,0.0000,0.0000,0.0000,0.0000,0.0000,0.0000,0.0000,0.0000,0.0000,0.0000,0.0000,0.0000,0.0000,0.0000,0.0000,0.0000,0.0000,0.0000,0.0000,0.0000,0.0000,0.0000,0.0000,0.0000,0.0000,0.0000,0.0000,0.0000,0.0000,0.0000,0.0000,0.0000,0.0000,0.0000,0.0000,0.0000,0.0000,0.0000,0.0000,0.0000,0.0000,0.0000,0.0000,0.0000,0.0000,0.0000,0.0000,0.0000,0.0000,0.0000,0.0000,0.0000,0.0000,0.0000,0.0000,0.0000,0.0000,0.0000,0.0000,0.0000,0.0000,0.0000,0.0000,0.0000,0.0000,0.0000,0.0000,0.0000,0.0000,0.0000,0.0000,0.0000,0.0000,0.0000,0.0000,0.0000,0.0000,0.0000,0.0000,0.0000,0.0000,0.0000,0.0000,0.0000,0.0000,0.0000,0.0000,0.0000,0.0000,0.0000,0.0000,0.0000,0.0000,0.0000,0.0000,0.0000,0.0000
0.0000,0.0000,0.0000,0.0000,0.0000,0.0000,0.0000,0.0000,0.0000,0.0000,0.0000,0.0000,0.0000,0.0000,0.0000,0.0000,0.0000,0.0000,0.0000,0.0000,0.0000,0.0000,0.0000,0.0000,0.0000,0.0000,0.0000,0.0000,0.0000,0.0000,0.0000,0.0000,0.0000,0.0000,0.0000,0.0000,0.0000,0.0000,0.0000,0.0000,0.0000,0.0000,0.0000,0.0000,0.0000,0.0000,0.0000,0.0000,0.0000,0.0000,0.0000,0.0000,0.0000,0.0000,0.0000,0.0000,0.0000,0.0000,0.0000,0.0000,0.0000,0.0000,0.0000,0.0000,0.0000,0.0000,0.0000,0.0000,0.0000,0.0000,0.0000,0.0000,0.0000,0.0000,0.0000,0.0000,0.0000,0.0000,0.0000,0.0000,0.0000,0.0000,0.0000,0.0000,0.0000,0.0000,0.0000,0.0000,0.0000,0.0000,0.0000,0.0000,0.0000,0.0000,0.0000,0.0000,0.0000,0.0000,0.0000,0.0000,0.0000,0.0000,0.0000,0.0000,0.0000,0.0000,0.0000,0.0000,0.0000,0.0000,0.0000,0.0000,0.0000,0.0000,0.0000,0.0000,0.0000,0.0000,0.0000,0.0000,0.0000,0.0000,0.0000,0.0000,0.0000,0.0000,0.0000,0.0000,0.0000,0.0000,0.0000,0.0000,0.0000,0.0000,0.0000,0.0000,0.0000,0.0000,0.0000,0.0000,0.0000,0.0000,0.0000,0.0000,0.0000,0.0000,0.0000,0.0000,0.0000,0.0000,0.0000,0.0000,0.0000,0.0000,0.0000,0.0000,0.0000,0.0000,0.0000,0.0000,0.0000,0.0000,0.0000,0.0000,0.0000,0.0000,0.0000,0.0000,0.0000,0.0000,0.0000,0.0000,0.0000,0.0000,0.0000,0.0000,0.0000,0.0000,0.0000,0.0000,0.0000,0.0000,0.0000,0.0000,0.0000,0.0000,0.0000,0.0000,0.0000,0.0000,0.0000,0.0000,0.0000,0.0000,0.0000,0.0000,0.0000,0.0000,0.0000,0.0000,0.0000,0.0000,0.0000,0.0000,0.0000,0.0000,0.0000,0.0000,0.0000,0.0000,0.0000
0.0000,0.0000,0.0000,0.0000,0.0000,0.0000,0.0000,0.0000,0.0000,0.0000,0.0000,0.0000,0.0000,0.0000,0.0000,0.0000,0.0000,0.0000,0.0000,0.0000,0.0000,0.0000,0.0000,0.0000,0.0000,0.0000,0.0000,0.0000,0.0000,0.0000,0.0000,0.0000,0.0000,0.0000,0.0000,0.0000,0.0000,0.0000,0.0000,0.0000,0.0000,0.0000,0.0000,0.0000,0.0000,0.0000,0.0000,0.0000,0.0000,0.0000,0.0000,0.0000,0.0000,0.0000,0.0000,0.0000,0.0000,0.0000,0.0000,0.0000,0.0000,0.0000,0.0000,0.0000,0.0000,0.0000,0.0000,0.0000,0.0000,0.0000,0.0000,0.0000,0.0000,0.0000,0.0000,0.0000,0.0000,0.0000,0.0000,0.0000,0.0000,0.0000,0.0000,0.0000,0.0000,0.0000,0.0000,0.0000,0.0000,0.0000,0.0000,0.0000,0.0000,0.0000,0.0000,0.0000,0.0000,0.0000,0.0000,0.0000,0.0000,0.0000,0.0000,0.0000,0.0000,0.0000,0.0000,0.0000,0.0000,0.0000,0.0000,0.0000,0.0000,0.0000,0.0000,0.0000,0.0000,0.0000,0.0000,0.0000,0.0000,0.0000,0.0000,0.0000,0.0000,0.0000,0.0000,0.0000,0.0000,0.0000,0.0000,0.0000,0.0000,0.0000,0.0000,0.0000,0.0000,0.0000,0.0000,0.0000,0.0000,0.0000,0.0000,0.0000,0.0000,0.0000,0.0000,0.0000,0.0000,0.0000,0.0000,0.0000,0.0000,0.0000,0.0000,0.0000,0.0000,0.0000,0.0000,0.0000,0.0000,0.0000,0.0000,0.0000,0.0000,0.0000,0.0000,0.0000,0.0000,0.0000,0.0000,0.0000,0.0000,0.0000,0.0000,0.0000,0.0000,0.0000,0.0000,0.0000,0.0000,0.0000,0.0000,0.0000,0.0000,0.0000,0.0000,0.0000,0.0000,0.0000,0.0000,0.0000,0.0000,0.0000,0.0000,0.0000,0.0000,0.0000,0.0000,0.0000,0.0000,0.0000,0.0000,0.0000,0.0000,0.0000,0.0000,0.0000,0.0000,0.0000,0.0000
0.0000,0.0000,0.0000,0.0000,0.0000,0.0000,0.0000,0.0000,0.0000,0.0000,0.0000,0.0000,0.0000,0.0000,0.0000,0.0000,0.0000,0.0000,0.0000,0.0000,0.0000,0.0000,0.0000,0.0000,0.0000,0.0000,0.0000,0.0000,0.0000,0.0000,0.0000,0.0000,0.0000,0.0000,0.0000,0.0000,0.0000,0.0000,0.0000,0.0000,0.0000,0.0000,0.0000,0.0000,0.0000,0.0000,0.0000,0.0000,0.0000,0.0000,0.0000,0.0000,0.0000,0.0000,0.0000,0.0000,0.0000,0.0000,0.0000,0.0000,0.0000,0.0000,0.0000,0.0000,0.0000,0.0000,0.0000,0.0000,0.0000,0.0000,0.0000,0.0000,0.0000,0.0000,0.0000,0.0000,0.0000,0.0000,0.0000,0.0000,0.0000,0.0000,0.0000,0.0000,0.0000,0.0000,0.0000,0.0000,0.0000,0.0000,0.0000,0.0000,0.0000,0.0000,0.0000,0.0000,0.0000,0.0000,0.0000,0.0000,0.0000,0.0000,0.0000,0.0000,0.0000,0.0000,0.0000,0.0000,0.0000,0.0000,0.0000,0.0000,0.0000,0.0000,0.0000,0.0000,0.0000,0.0000,0.0000,0.0000,0.0000,0.0000,0.0000,0.0000,0.0000,0.0000,0.0000,0.0000,0.0000,0.0000,0.0000,0.0000,0.0000,0.0000,0.0000,0.0000,0.0000,0.0000,0.0000,0.0000,0.0000,0.0000,0.0000,0.0000,0.0000,0.0000,0.0000,0.0000,0.0000,0.0000,0.0000,0.0000,0.0000,0.0000,0.0000,0.0000,0.0000,0.0000,0.0000,0.0000,0.0000,0.0000,0.0000,0.0000,0.0000,0.0000,0.0000,0.0000,0.0000,0.0000,0.0000,0.0000,0.0000,0.0000,0.0000,0.0000,0.0000,0.0000,0.0000,0.0000,0.0000,0.0000,0.0000,0.0000,0.0000,0.0000,0.0000,0.0000,0.0000,0.0000,0.0000,0.0000,0.0000,0.0000,0.0000,0.0000,0.0000,0.0000,0.0000,0.0000,0.0000,0.0000,0.0000,0.0000,0.0000,0.0000,0.0000,0.0000,0.0000,0.0000,0.0000
0.0000,0.0000,0.0000,0.0000,0.0000,0.0000,0.0000,0.0000,0.0000,0.0000,0.0000,0.0000,0.0000,0.0000,0.0000,0.0000,0.0000,0.0000,0.0000,0.0000,0.0000,0.0000,0.0000,0.0000,0.0000,0.0000,0.0000,0.0000,0.0000,0.0000,0.0000,0.0000,0.0000,0.0000,0.0000,0.0000,0.0000,0.0000,0.0000,0.0000,0.0000,0.0000,0.0000,0.0000,0.0000,0.0000,0.0000,0.0000,0.0000,0.0000,0.0000,0.0000,0.0000,0.0000,0.0000,0.0000,0.0000,0.0000,0.0000,0.0000,0.0000,0.0000,0.0000,0.0000,0.0000,0.0000,0.0000,0.0000,0.0000,0.0000,0.0000,0.0000,0.0000,0.0000,0.0000,0.0000,0.0000,0.0000,0.0000,0.0000,0.0000,0.0000,0.0000,0.0000,0.0000,0.0000,0.0000,0.0000,0.0000,0.0000,0.0000,0.0000,0.0000,0.0000,0.0000,0.0000,0.0000,0.0000,0.0000,0.0000,0.0000,0.0000,0.0000,0.0000,0.0000,0.0000,0.0000,0.0000,0.0000,0.0000,0.0000,0.0000,0.0000,0.0000,0.0000,0.0000,0.0000,0.0000,0.0000,0.0000,0.0000,0.0000,0.0000,0.0000,0.0000,0.0000,0.0000,0.0000,0.0000,0.0000,0.0000,0.0000,0.0000,0.0000,0.0000,0.0000,0.0000,0.0000,0.0000,0.0000,0.0000,0.0000,0.0000,0.0000,0.0000,0.0000,0.0000,0.0000,0.0000,0.0000,0.0000,0.0000,0.0000,0.0000,0.0000,0.0000,0.0000,0.0000,0.0000,0.0000,0.0000,0.0000,0.0000,0.0000,0.0000,0.0000,0.0000,0.0000,0.0000,0.0000,0.0000,0.0000,0.0000,0.0000,0.0000,0.0000,0.0000,0.0000,0.0000,0.0000,0.0000,0.0000,0.0000,0.0000,0.0000,0.0000,0.0000,0.0000,0.0000,0.0000,0.0000,0.0000,0.0000,0.0000,0.0000,0.0000,0.0000,0.0000,0.0000,0.0000,0.0000,0.0000,0.0000,0.0000,0.0000,0.0000,0.0000,0.0000,0.0000,0.0000,0.0000
