# total emitted fluorescence by all photosystems for wavelengths of 640 to 850 nm, with 1 nm resolution 
# W m-2 um-1 
0.0000,-0.0000,0.0000,0.0000,0.0000,0.0000,0.0000,0.0000,0.0000,0.0000,0.0000,0.0000,0.0000,0.0000,0.0000,0.0000,0.0000,0.0000,0.0000,0.0000,0.0000,0.0000,0.0000,0.0000,0.0000,0.0000,0.0000,0.0000,0.0000,0.0000,0.0000,0.0000,0.0000,0.0000,0.0000,0.0000,0.0000,0.0000,0.0000,0.0000,0.0000,0.0000,0.0000,0.0000,0.0000,0.0000,0.0000,0.0000,0.0000,0.0000,0.0000,0.0000,0.0000,0.0000,0.0000,0.0000,0.0000,0.0000,0.0000,0.0000,0.0000,0.0000,0.0000,0.0000,0.0000,0.0000,0.0000,0.0000,0.0000,0.0000,0.0000,0.0000,0.0000,0.0000,0.0000,0.0000,0.0000,0.0000,0.0000,0.0000,0.0000,0.0000,0.0000,0.0000,0.0000,0.0000,0.0000,0.0000,0.0000,0.0000,0.0000,0.0000,0.0000,0.0000,0.0000,0.0000,0.0000,0.0000,0.0000,0.0000,0.0000,0.0000,0.0000,0.0000,0.0000,0.0000,0.0000,0.0000,0.0000,0.0000,0.0000,0.0000,0.0000,0.0000,0.0000,0.0000,0.0000,0.0000,0.0000,0.0000,0.0000,0.0000,0.0000,0.0000,0.0000,0.0000,0.0000,0.0000,0.0000,0.0000,0.0000,0.0000,0.0000,0.0000,0.0000,0.0000,0.0000,0.0000,0.0000,0.0000,0.0000,0.0000,0.0000,0.0000,0.0000,0.0000,0.0000,0.0000,0.0000,0.0000,0.0000,0.0000,0.0000,0.0000,0.0000,0.0000,0.0000,0.0000,0.0000,0.0000,0.0000,0.0000,0.0000,0.0000,0.0000,0.0000,0.0000,0.0000,0.0000,0.0000,0.0000,0.0000,0.0000,0.0000,0.0000,0.0000,0.0000,0.0000,0.0000,0.0000,0.0000,0.0000,0.0000,0.0000,0.0000,0.0000,0.0000,0.0000,0.0000,0.0000,0.0000,0.0000,0.0000,0.0000,0.0000,0.0000,0.0000,0.0000,0.0000,0.0000,0.0000,0.0000,0.0000,0.0000,0.0000,0.0000,0.0000,0.0000,0.0000,0.0000,0.0000
0.0000,-0.0000,0.0000,0.0000,0.0000,0.0000,0.0000,0.0000,0.0000,0.0000,0.0000,0.0000,0.0000,0.0000,0.0000,0.0000,0.0000,0.0000,0.0000,0.0000,0.0000,0.0000,0.0000,0.0000,0.0000,0.0000,0.0000,0.0000,0.0000,0.0000,0.0000,0.0000,0.0000,0.0000,0.0000,0.0000,0.0000,0.0000,0.0000,0.0000,0.0000,0.0000,0.0000,0.0000,0.0000,0.0000,0.0000,0.0000,0.0000,0.0000,0.0000,0.0000,0.0000,0.0000,0.0000,0.0000,0.0000,0.0000,0.0000,0.0000,0.0000,0.0000,0.0000,0.0000,0.0000,0.0000,0.0000,0.0000,0.0000,0.0000,0.0000,0.0000,0.0000,0.0000,0.0000,0.0000,0.0000,0.0000,0.0000,0.0000,0.0000,0.0000,0.0000,0.0000,0.0000,0.0000,0.0000,0.0000,0.0000,0.0000,0.0000,0.0000,0.0000,0.0000,0.0000,0.0000,0.0000,0.0000,0.0000,0.0000,0.0000,0.0000,0.0000,0.0000,0.0000,0.0000,0.0000,0.0000,0.0000,0.0000,0.0000,0.0000,0.0000,0.0000,0.0000,0.0000,0.0000,0.0000,0.0000,0.0000,0.0000,0.0000,0.0000,0.0000,0.0000,0.0000,0.0000,0.0000,0.0000,0.0000,0.0000,0.0000,0.0000,0.0000,0.0000,0.0000,0.0000,0.0000,0.0000,0.0000,0.0000,0.0000,0.0000,0.0000,0.0000,0.0000,0.0000,0.0000,0.0000,0.0000,0.0000,0.0000,0.0000,0.0000,0.0000,0.0000,0.0000,0.0000,0.0000,0.0000,0.0000,0.0000,0.0000,0.0000,0.0000,0.0000,0.0000,0.0000,0.0000,0.0000,0.0000,0.0000,0.0000,0.0000,0.0000,0.0000,0.0000,0.0000,0.0000,0.0000,0.0000,0.0000,0.0000,0.0000,0.0000,0.0000,0.0000,0.0000,0.0000,0.0000,0.0000,0.0000,0.0000,0.0000,0.0000,0.0000,0.0000,0.0000,0.0000,0.0000,0.0000,0.0000,0.0000,0.0000,0.0000,0.0000,0.0000,0.0000,0.0000,0.0000,0.0000
0.0000,-0.0000,0.0000,0.0000,0.0000,0.0000,0.0000,0.0000,0.0000,0.0000,0.0000,0.0000,0.0000,0.0000,0.0000,0.0000,0.0000,0.0000,0.0000,0.0000,0.0000,0.0000,0.0000,0.0000,0.0000,0.0000,0.0000,0.0000,0.0000,0.0000,0.0000,0.0000,0.0000,0.0000,0.0000,0.0000,0.0000,0.0000,0.0000,0.0000,0.0000,0.0000,0.0000,0.0000,0.0000,0.0000,0.0000,0.0000,0.0000,0.0000,0.0000,0.0000,0.0000,0.0000,0.0000,0.0000,0.0000,0.0000,0.0000,0.0000,0.0000,0.0000,0.0000,0.0000,0.0000,0.0000,0.0000,0.0000,0.0000,0.0000,0.0000,0.0000,0.0000,0.0000,0.0000,0.0000,0.0000,0.0000,0.0000,0.0000,0.0000,0.0000,0.0000,0.0000,0.0000,0.0000,0.0000,0.0000,0.0000,0.0000,0.0000,0.0000,0.0000,0.0000,0.0000,0.0000,0.0000,0.0000,0.0000,0.0000,0.0000,0.0000,0.0000,0.0000,0.0000,0.0000,0.0000,0.0000,0.0000,0.0000,0.0000,0.0000,0.0000,0.0000,0.0000,0.0000,0.0000,0.0000,0.0000,0.0000,0.0000,0.0000,0.0000,0.0000,0.0000,0.0000,0.0000,0.0000,0.0000,0.0000,0.0000,0.0000,0.0000,0.0000,0.0000,0.0000,0.0000,0.0000,0.0000,0.0000,0.0000,0.0000,0.0000,0.0000,0.0000,0.0000,0.0000,0.0000,0.0000,0.0000,0.0000,0.0000,0.0000,0.0000,0.0000,0.0000,0.0000,0.0000,0.0000,0.0000,0.0000,0.0000,0.0000,0.0000,0.0000,0.0000,0.0000,0.0000,0.0000,0.0000,0.0000,0.0000,0.0000,0.0000,0.0000,0.0000,0.0000,0.0000,0.0000,0.0000,0.0000,0.0000,0.0000,0.0000,0.0000,0.0000,0.0000,0.0000,0.0000,0.0000,0.0000,0.0000,0.0000,0.0000,0.0000,0.0000,0.0000,0.0000,0.0000,0.0000,0.0000,0.0000,0.0000,0.0000,0.0000,0.0000,0.0000,0.0000,0.0000,0.0000,0.0000
0.0000,-0.0000,0.0000,0.0000,0.0000,0.0000,0.0000,0.0000,0.0000,0.0000,0.0000,0.0000,0.0000,0.0000,0.0000,0.0000,0.0000,0.0000,0.0000,0.0000,0.0000,0.0000,0.0000,0.0000,0.0000,0.0000,0.0000,0.0000,0.0000,0.0000,0.0000,0.0000,0.0000,0.0000,0.0000,0.0000,0.0000,0.0000,0.0000,0.0000,0.0000,0.0000,0.0000,0.0000,0.0000,0.0000,0.0000,0.0000,0.0000,0.0000,0.0000,0.0000,0.0000,0.0000,0.0000,0.0000,0.0000,0.0000,0.0000,0.0000,0.0000,0.0000,0.0000,0.0000,0.0000,0.0000,0.0000,0.0000,0.0000,0.0000,0.0000,0.0000,0.0000,0.0000,0.0000,0.0000,0.0000,0.0000,0.0000,0.0000,0.0000,0.0000,0.0000,0.0000,0.0000,0.0000,0.0000,0.0000,0.0000,0.0000,0.0000,0.0000,0.0000,0.0000,0.0000,0.0000,0.0000,0.0000,0.0000,0.0000,0.0000,0.0000,0.0000,0.0000,0.0000,0.0000,0.0000,0.0000,0.0000,0.0000,0.0000,0.0000,0.0000,0.0000,0.0000,0.0000,0.0000,0.0000,0.0000,0.0000,0.0000,0.0000,0.0000,0.0000,0.0000,0.0000,0.0000,0.0000,0.0000,0.0000,0.0000,0.0000,0.0000,0.0000,0.0000,0.0000,0.0000,0.0000,0.0000,0.0000,0.0000,0.0000,0.0000,0.0000,0.0000,0.0000,0.0000,0.0000,0.0000,0.0000,0.0000,0.0000,0.0000,0.0000,0.0000,0.0000,0.0000,0.0000,0.0000,0.0000,0.0000,0.0000,0.0000,0.0000,0.0000,0.0000,0.0000,0.0000,0.0000,0.0000,0.0000,0.0000,0.0000,0.0000,0.0000,0.0000,0.0000,0.0000,0.0000,0.0000,0.0000,0.0000,0.0000,0.0000,0.0000,0.0000,0.0000,0.0000,0.0000,0.0000,0.0000,0.0000,0.0000,0.0000,0.0000,0.0000,0.0000,0.0000,0.0000,0.0000,0.0000,0.0000,0.0000,0.0000,0.0000,0.0000,0.0000,0.0000,0.0000,0.0000,0.0000
0.0000,-0.0000,0.0000,0.0000,0.0000,0.0000,0.0000,0.0000,0.0000,0.0000,0.0000,0.0000,0.0000,0.0000,0.0000,0.0000,0.0000,0.0000,0.0000,0.0000,0.0000,0.0000,0.0000,0.0000,0.0000,0.0000,0.0000,0.0000,0.0000,0.0000,0.0000,0.0000,0.0000,0.0000,0.0000,0.0000,0.0000,0.0000,0.0000,0.0000,0.0000,0.0000,0.0000,0.0000,0.0000,0.0000,0.0000,0.0000,0.0000,0.0000,0.0000,0.0000,0.0000,0.0000,0.0000,0.0000,0.0000,0.0000,0.0000,0.0000,0.0000,0.0000,0.0000,0.0000,0.0000,0.0000,0.0000,0.0000,0.0000,0.0000,0.0000,0.0000,0.0000,0.0000,0.0000,0.0000,0.0000,0.0000,0.0000,0.0000,0.0000,0.0000,0.0000,0.0000,0.0000,0.0000,0.0000,0.0000,0.0000,0.0000,0.0000,0.0000,0.0000,0.0000,0.0000,0.0000,0.0000,0.0000,0.0000,0.0000,0.0000,0.0000,0.0000,0.0000,0.0000,0.0000,0.0000,0.0000,0.0000,0.0000,0.0000,0.0000,0.0000,0.0000,0.0000,0.0000,0.0000,0.0000,0.0000,0.0000,0.0000,0.0000,0.0000,0.0000,0.0000,0.0000,0.0000,0.0000,0.0000,0.0000,0.0000,0.0000,0.0000,0.0000,0.0000,0.0000,0.0000,0.0000,0.0000,0.0000,0.0000,0.0000,0.0000,0.0000,0.0000,0.0000,0.0000,0.0000,0.0000,0.0000,0.0000,0.0000,0.0000,0.0000,0.0000,0.0000,0.0000,0.0000,0.0000,0.0000,0.0000,0.0000,0.0000,0.0000,0.0000,0.0000,0.0000,0.0000,0.0000,0.0000,0.0000,0.0000,0.0000,0.0000,0.0000,0.0000,0.0000,0.0000,0.0000,0.0000,0.0000,0.0000,0.0000,0.0000,0.0000,0.0000,0.0000,0.0000,0.0000,0.0000,0.0000,0.0000,0.0000,0.0000,0.0000,0.0000,0.0000,0.0000,0.0000,0.0000,0.0000,0.0000,0.0000,0.0000,0.0000,0.0000,0.0000,0.0000,0.0000,0.0000,0.0000
0.0000,-0.0000,0.0000,0.0000,0.0000,0.0000,0.0000,0.0000,0.0000,0.0000,0.0000,0.0000,0.0000,0.0000,0.0000,0.0000,0.0000,0.0000,0.0000,0.0000,0.0000,0.0000,0.0000,0.0000,0.0000,0.0000,0.0000,0.0000,0.0000,0.0000,0.0000,0.0000,0.0000,0.0000,0.0000,0.0000,0.0000,0.0000,0.0000,0.0000,0.0000,0.0000,0.0000,0.0000,0.0000,0.0000,0.0000,0.0000,0.0000,0.0000,0.0000,0.0000,0.0000,0.0000,0.0000,0.0000,0.0000,0.0000,0.0000,0.0000,0.0000,0.0000,0.0000,0.0000,0.0000,0.0000,0.0000,0.0000,0.0000,0.0000,0.0000,0.0000,0.0000,0.0000,0.0000,0.0000,0.0000,0.0000,0.0000,0.0000,0.0000,0.0000,0.0000,0.0000,0.0000,0.0000,0.0000,0.0000,0.0000,0.0000,0.0000,0.0000,0.0000,0.0000,0.0000,0.0000,0.0000,0.0000,0.0000,0.0000,0.0000,0.0000,0.0000,0.0000,0.0000,0.0000,0.0000,0.0000,0.0000,0.0000,0.0000,0.0000,0.0000,0.0000,0.0000,0.0000,0.0000,0.0000,0.0000,0.0000,0.0000,0.0000,0.0000,0.0000,0.0000,0.0000,0.0000,0.0000,0.0000,0.0000,0.0000,0.0000,0.0000,0.0000,0.0000,0.0000,0.0000,0.0000,0.0000,0.0000,0.0000,0.0000,0.0000,0.0000,0.0000,0.0000,0.0000,0.0000,0.0000,0.0000,0.0000,0.0000,0.0000,0.0000,0.0000,0.0000,0.0000,0.0000,0.0000,0.0000,0.0000,0.0000,0.0000,0.0000,0.0000,0.0000,0.0000,0.0000,0.0000,0.0000,0.0000,0.0000,0.0000,0.0000,0.0000,0.0000,0.0000,0.0000,0.0000,0.0000,0.0000,0.0000,0.0000,0.0000,0.0000,0.0000,0.0000,0.0000,0.0000,0.0000,0.0000,0.0000,0.0000,0.0000,0.0000,0.0000,0.0000,0.0000,0.0000,0.0000,0.0000,0.0000,0.0000,0.0000,0.0000,0.0000,0.0000,0.0000,0.0000,0.0000,0.0000
0.0000,-0.0000,0.0000,0.0000,0.0000,0.0000,0.0000,0.0000,0.0000,0.0000,0.0000,0.0000,0.0000,0.0000,0.0000,0.0000,0.0000,0.0000,0.0000,0.0000,0.0000,0.0000,0.0000,0.0000,0.0000,0.0000,0.0000,0.0000,0.0000,0.0000,0.0000,0.0000,0.0000,0.0000,0.0000,0.0000,0.0000,0.0000,0.0000,0.0000,0.0000,0.0000,0.0000,0.0000,0.0000,0.0000,0.0000,0.0000,0.0000,0.0000,0.0000,0.0000,0.0000,0.0000,0.0000,0.0000,0.0000,0.0000,0.0000,0.0000,0.0000,0.0000,0.0000,0.0000,0.0000,0.0000,0.0000,0.0000,0.0000,0.0000,0.0000,0.0000,0.0000,0.0000,0.0000,0.0000,0.0000,0.0000,0.0000,0.0000,0.0000,0.0000,0.0000,0.0000,0.0000,0.0000,0.0000,0.0000,0.0000,0.0000,0.0000,0.0000,0.0000,0.0000,0.0000,0.0000,0.0000,0.0000,0.0000,0.0000,0.0000,0.0000,0.0000,0.0000,0.0000,0.0000,0.0000,0.0000,0.0000,0.0000,0.0000,0.0000,0.0000,0.0000,0.0000,0.0000,0.0000,0.0000,0.0000,0.0000,0.0000,0.0000,0.0000,0.0000,0.0000,0.0000,0.0000,0.0000,0.0000,0.0000,0.0000,0.0000,0.0000,0.0000,0.0000,0.0000,0.0000,0.0000,0.0000,0.0000,0.0000,0.0000,0.0000,0.0000,0.0000,0.0000,0.0000,0.0000,0.0000,0.0000,0.0000,0.0000,0.0000,0.0000,0.0000,0.0000,0.0000,0.0000,0.0000,0.0000,0.0000,0.0000,0.0000,0.0000,0.0000,0.0000,0.0000,0.0000,0.0000,0.0000,0.0000,0.0000,0.0000,0.0000,0.0000,0.0000,0.0000,0.0000,0.0000,0.0000,0.0000,0.0000,0.0000,0.0000,0.0000,0.0000,0.0000,0.0000,0.0000,0.0000,0.0000,0.0000,0.0000,0.0000,0.0000,0.0000,0.0000,0.0000,0.0000,0.0000,0.0000,0.0000,0.0000,0.0000,0.0000,0.0000,0.0000,0.0000,0.0000,0.0000,0.0000
0.0000,-0.0000,0.0000,0.0000,0.0000,0.0000,0.0000,0.0000,0.0000,0.0000,0.0000,0.0000,0.0000,0.0000,0.0000,0.0000,0.0000,0.0000,0.0000,0.0000,0.0000,0.0000,0.0000,0.0000,0.0000,0.0000,0.0000,0.0000,0.0000,0.0000,0.0000,0.0000,0.0000,0.0000,0.0000,0.0000,0.0000,0.0000,0.0000,0.0000,0.0000,0.0000,0.0000,0.0000,0.0000,0.0000,0.0000,0.0000,0.0000,0.0000,0.0000,0.0000,0.0000,0.0000,0.0000,0.0000,0.0000,0.0000,0.0000,0.0000,0.0000,0.0000,0.0000,0.0000,0.0000,0.0000,0.0000,0.0000,0.0000,0.0000,0.0000,0.0000,0.0000,0.0000,0.0000,0.0000,0.0000,0.0000,0.0000,0.0000,0.0000,0.0000,0.0000,0.0000,0.0000,0.0000,0.0000,0.0000,0.0000,0.0000,0.0000,0.0000,0.0000,0.0000,0.0000,0.0000,0.0000,0.0000,0.0000,0.0000,0.0000,0.0000,0.0000,0.0000,0.0000,0.0000,0.0000,0.0000,0.0000,0.0000,0.0000,0.0000,0.0000,0.0000,0.0000,0.0000,0.0000,0.0000,0.0000,0.0000,0.0000,0.0000,0.0000,0.0000,0.0000,0.0000,0.0000,0.0000,0.0000,0.0000,0.0000,0.0000,0.0000,0.0000,0.0000,0.0000,0.0000,0.0000,0.0000,0.0000,0.0000,0.0000,0.0000,0.0000,0.0000,0.0000,0.0000,0.0000,0.0000,0.0000,0.0000,0.0000,0.0000,0.0000,0.0000,0.0000,0.0000,0.0000,0.0000,0.0000,0.0000,0.0000,0.0000,0.0000,0.0000,0.0000,0.0000,0.0000,0.0000,0.0000,0.0000,0.0000,0.0000,0.0000,0.0000,0.0000,0.0000,0.0000,0.0000,0.0000,0.0000,0.0000,0.0000,0.0000,0.0000,0.0000,0.0000,0.0000,0.0000,0.0000,0.0000,0.0000,0.0000,0.0000,0.0000,0.0000,0.0000,0.0000,0.0000,0.0000,0.0000,0.0000,0.0000,0.0000,0.0000,0.0000,0.0000,0.0000,0.0000,0.0000,0.0000
0.0000,-0.0000,0.0000,0.0000,0.0000,0.0000,0.0000,0.0000,0.0000,0.0000,0.0000,0.0000,0.0000,0.0000,0.0000,0.0000,0.0000,0.0000,0.0000,0.0000,0.0000,0.0000,0.0000,0.0000,0.0000,0.0000,0.0000,0.0000,0.0000,0.0000,0.0000,0.0000,0.0000,0.0000,0.0000,0.0000,0.0000,0.0000,0.0000,0.0000,0.0000,0.0000,0.0000,0.0000,0.0000,0.0000,0.0000,0.0000,0.0000,0.0000,0.0000,0.0000,0.0000,0.0000,0.0000,0.0000,0.0000,0.0000,0.0000,0.0000,0.0000,0.0000,0.0000,0.0000,0.0000,0.0000,0.0000,0.0000,0.0000,0.0000,0.0000,0.0000,0.0000,0.0000,0.0000,0.0000,0.0000,0.0000,0.0000,0.0000,0.0000,0.0000,0.0000,0.0000,0.0000,0.0000,0.0000,0.0000,0.0000,0.0000,0.0000,0.0000,0.0000,0.0000,0.0000,0.0000,0.0000,0.0000,0.0000,0.0000,0.0000,0.0000,0.0000,0.0000,0.0000,0.0000,0.0000,0.0000,0.0000,0.0000,0.0000,0.0000,0.0000,0.0000,0.0000,0.0000,0.0000,0.0000,0.0000,0.0000,0.0000,0.0000,0.0000,0.0000,0.0000,0.0000,0.0000,0.0000,0.0000,0.0000,0.0000,0.0000,0.0000,0.0000,0.0000,0.0000,0.0000,0.0000,0.0000,0.0000,0.0000,0.0000,0.0000,0.0000,0.0000,0.0000,0.0000,0.0000,0.0000,0.0000,0.0000,0.0000,0.0000,0.0000,0.0000,0.0000,0.0000,0.0000,0.0000,0.0000,0.0000,0.0000,0.0000,0.0000,0.0000,0.0000,0.0000,0.0000,0.0000,0.0000,0.0000,0.0000,0.0000,0.0000,0.0000,0.0000,0.0000,0.0000,0.0000,0.0000,0.0000,0.0000,0.0000,0.0000,0.0000,0.0000,0.0000,0.0000,0.0000,0.0000,0.0000,0.0000,0.0000,0.0000,0.0000,0.0000,0.0000,0.0000,0.0000,0.0000,0.0000,0.0000,0.0000,0.0000,0.0000,0.0000,0.0000,0.0000,0.0000,0.0000,0.0000
0.0000,-0.0003,0.0001,0.0010,0.0025,0.0047,0.0077,0.0114,0.0158,0.0211,0.0273,0.0344,0.0424,0.0514,0.0614,0.0724,0.0846,0.0979,0.1124,0.1280,0.1449,0.1632,0.1827,0.2036,0.2258,0.2496,0.2748,0.3015,0.3297,0.3596,0.3911,0.4242,0.4588,0.4956,0.5348,0.5742,0.6131,0.6601,0.7214,0.7856,0.8403,0.8856,0.9238,0.9529,0.9707,0.9780,0.9755,0.9618,0.9359,0.9002,0.8580,0.8108,0.7603,0.7120,0.6704,0.6334,0.5982,0.5659,0.5380,0.5133,0.4903,0.4697,0.4522,0.4378,0.4261,0.4160,0.4069,0.3992,0.3933,0.3892,0.3866,0.3856,0.3860,0.3867,0.3869,0.3882,0.3919,0.3958,0.3978,0.3998,0.4038,0.4088,0.4135,0.4177,0.4212,0.4246,0.4281,0.4323,0.4372,0.4423,0.4470,0.4515,0.4563,0.4605,0.4636,0.4660,0.4683,0.4704,0.4722,0.4728,0.4714,0.4686,0.4652,0.4606,0.4544,0.4468,0.4383,0.4287,0.4178,0.4059,0.3935,0.3808,0.3679,0.3548,0.3418,0.3293,0.3175,0.3056,0.2926,0.2787,0.2645,0.2514,0.2403,0.2304,0.2206,0.2109,0.2016,0.1920,0.1817,0.1717,0.1628,0.1543,0.1455,0.1369,0.1291,0.1221,0.1161,0.1102,0.1041,0.0985,0.0941,0.0903,0.0863,0.0824,0.0788,0.0755,0.0725,0.0698,0.0671,0.0642,0.0608,0.0579,0.0562,0.0551,0.0538,0.0523,0.0509,0.0496,0.0482,0.0468,0.0455,0.0441,0.0428,0.0415,0.0402,0.0388,0.0376,0.0363,0.0350,0.0337,0.0325,0.0313,0.0301,0.0289,0.0277,0.0265,0.0253,0.0242,0.0231,0.0220,0.0209,0.0199,0.0188,0.0178,0.0168,0.0158,0.0149,0.0139,0.0130,0.0122,0.0113,0.0105,0.0096,0.0089,0.0081,0.0074,0.0067,0.0060,0.0053,0.0047,0.0041,0.0036,0.0031,0.0026,0.0021,0.0017,0.0013,0.0009,0.0006,0.0003,0.0000
0.0000,-0.0008,0.0002,0.0029,0.0076,0.0143,0.0231,0.0342,0.0477,0.0636,0.0822,0.1035,0.1277,0.1548,0.1849,0.2183,0.2549,0.2949,0.3385,0.3857,0.4367,0.4915,0.5503,0.6132,0.6804,0.7518,0.8277,0.9082,0.9933,1.0832,1.1782,1.2779,1.3822,1.4931,1.6111,1.7297,1.8471,1.9887,2.1732,2.3667,2.5315,2.6680,2.7830,2.8708,2.9244,2.9462,2.9387,2.8975,2.8193,2.7119,2.5849,2.4425,2.2905,2.1450,2.0196,1.9080,1.8020,1.7048,1.6208,1.5463,1.4771,1.4149,1.3622,1.3189,1.2836,1.2534,1.2259,1.2025,1.1848,1.1725,1.1647,1.1616,1.1628,1.1649,1.1656,1.1696,1.1808,1.1925,1.1985,1.2044,1.2164,1.2316,1.2458,1.2582,1.2690,1.2791,1.2897,1.3022,1.3171,1.3325,1.3466,1.3603,1.3745,1.3873,1.3967,1.4039,1.4107,1.4171,1.4227,1.4244,1.4201,1.4118,1.4014,1.3877,1.3689,1.3461,1.3205,1.2915,1.2587,1.2229,1.1856,1.1472,1.1082,1.0688,1.0297,0.9920,0.9566,0.9206,0.8814,0.8395,0.7969,0.7574,0.7241,0.6942,0.6646,0.6355,0.6073,0.5784,0.5475,0.5173,0.4903,0.4647,0.4384,0.4126,0.3889,0.3679,0.3497,0.3321,0.3136,0.2966,0.2834,0.2720,0.2601,0.2482,0.2373,0.2274,0.2184,0.2101,0.2022,0.1934,0.1833,0.1745,0.1694,0.1661,0.1621,0.1577,0.1534,0.1493,0.1452,0.1411,0.1370,0.1330,0.1289,0.1249,0.1210,0.1170,0.1131,0.1093,0.1054,0.1016,0.0979,0.0942,0.0905,0.0869,0.0834,0.0798,0.0764,0.0730,0.0696,0.0663,0.0630,0.0598,0.0567,0.0536,0.0506,0.0477,0.0448,0.0420,0.0393,0.0366,0.0340,0.0315,0.0291,0.0267,0.0244,0.0222,0.0201,0.0181,0.0161,0.0143,0.0125,0.0108,0.0092,0.0077,0.0063,0.0050,0.0038,0.0027,0.0017,0.0008,0.0000
0.0000,-0.0014,0.0003,0.0055,0.0142,0.0268,0.0435,0.0644,0.0897,0.1198,0.1548,0.1948,0.2403,0.2913,0.3480,0.4107,0.4797,0.5550,0.6370,0.7259,0.8218,0.9250,1.0357,1.1541,1.2804,1.4149,1.5578,1.7092,1.8693,2.0386,2.2174,2.4049,2.6013,2.8099,3.0321,3.2552,3.4762,3.7426,4.0900,4.4541,4.7642,5.0211,5.2376,5.4027,5.5037,5.5446,5.5306,5.4531,5.3059,5.1038,4.8647,4.5967,4.3107,4.0368,3.8009,3.5909,3.3913,3.2083,3.0502,2.9100,2.7798,2.6628,2.5636,2.4821,2.4156,2.3588,2.3071,2.2631,2.2298,2.2066,2.1920,2.1862,2.1884,2.1924,2.1937,2.2011,2.2222,2.2443,2.2556,2.2666,2.2892,2.3179,2.3447,2.3679,2.3882,2.4072,2.4273,2.4507,2.4787,2.5077,2.5342,2.5600,2.5868,2.6108,2.6285,2.6422,2.6549,2.6670,2.6774,2.6808,2.6727,2.6569,2.6375,2.6116,2.5763,2.5333,2.4851,2.4307,2.3688,2.3015,2.2312,2.1590,2.0856,2.0116,1.9378,1.8670,1.8002,1.7326,1.6588,1.5800,1.4998,1.4255,1.3627,1.3065,1.2508,1.1960,1.1429,1.0885,1.0304,0.9736,0.9228,0.8746,0.8251,0.7764,0.7318,0.6924,0.6581,0.6250,0.5902,0.5583,0.5334,0.5120,0.4895,0.4670,0.4465,0.4280,0.4111,0.3955,0.3805,0.3640,0.3450,0.3284,0.3188,0.3125,0.3050,0.2967,0.2887,0.2810,0.2733,0.2655,0.2578,0.2502,0.2426,0.2351,0.2276,0.2202,0.2129,0.2056,0.1984,0.1913,0.1842,0.1773,0.1704,0.1636,0.1569,0.1502,0.1437,0.1373,0.1310,0.1247,0.1186,0.1126,0.1067,0.1010,0.0953,0.0898,0.0844,0.0791,0.0739,0.0689,0.0640,0.0593,0.0547,0.0503,0.0460,0.0418,0.0378,0.0340,0.0303,0.0268,0.0235,0.0203,0.0173,0.0145,0.0119,0.0094,0.0072,0.0051,0.0032,0.0015,0.0000
0.0000,-0.0032,0.0007,0.0125,0.0324,0.0610,0.0988,0.1464,0.2041,0.2724,0.3519,0.4431,0.5464,0.6624,0.7914,0.9341,1.0909,1.2623,1.4488,1.6508,1.8690,2.1037,2.3554,2.6247,2.9120,3.2178,3.5428,3.8871,4.2512,4.6363,5.0429,5.4694,5.9159,6.3904,6.8957,7.4032,7.9058,8.5117,9.3016,10.1298,10.8350,11.4192,11.9115,12.2871,12.5167,12.6098,12.5778,12.4017,12.0669,11.6074,11.0634,10.4539,9.8035,9.1807,8.6441,8.1666,7.7126,7.2965,6.9370,6.6181,6.3219,6.0558,5.8303,5.6448,5.4937,5.3645,5.2470,5.1468,5.0712,5.0183,4.9851,4.9719,4.9770,4.9860,4.9889,5.0059,5.0538,5.1040,5.1298,5.1549,5.2062,5.2715,5.3323,5.3853,5.4313,5.4746,5.5202,5.5735,5.6371,5.7031,5.7634,5.8221,5.8830,5.9376,5.9779,6.0089,6.0378,6.0655,6.0892,6.0967,6.0783,6.0425,5.9983,5.9395,5.8590,5.7613,5.6517,5.5279,5.3873,5.2343,5.0743,4.9100,4.7431,4.5748,4.4071,4.2459,4.0942,3.9402,3.7725,3.5933,3.4108,3.2418,3.0991,2.9712,2.8446,2.7199,2.5993,2.4755,2.3435,2.2143,2.0987,1.9890,1.8764,1.7658,1.6643,1.5748,1.4967,1.4214,1.3423,1.2696,1.2132,1.1644,1.1132,1.0622,1.0154,0.9733,0.9349,0.8994,0.8653,0.8278,0.7846,0.7469,0.7251,0.7107,0.6937,0.6748,0.6567,0.6392,0.6215,0.6039,0.5864,0.5691,0.5518,0.5347,0.5177,0.5009,0.4842,0.4676,0.4513,0.4350,0.4190,0.4032,0.3875,0.3720,0.3568,0.3417,0.3269,0.3122,0.2978,0.2837,0.2698,0.2561,0.2427,0.2296,0.2167,0.2041,0.1918,0.1798,0.1681,0.1567,0.1456,0.1349,0.1244,0.1143,0.1045,0.0951,0.0860,0.0773,0.0690,0.0610,0.0534,0.0462,0.0394,0.0330,0.0270,0.0214,0.0163,0.0115,0.0072,0.0034,0.0000
0.0000,-0.0029,0.0007,0.0113,0.0294,0.0553,0.0896,0.1327,0.1850,0.2470,0.3191,0.4017,0.4954,0.6005,0.7176,0.8469,0.9891,1.1445,1.3135,1.4967,1.6945,1.9073,2.1355,2.3796,2.6401,2.9174,3.2120,3.5242,3.8543,4.2035,4.5721,4.9588,5.3636,5.7938,6.2519,6.7120,7.1677,7.7170,8.4332,9.1841,9.8234,10.3531,10.7995,11.1400,11.3482,11.4326,11.4036,11.2439,10.9404,10.5237,10.0305,9.4780,8.8882,8.3236,7.8370,7.4042,6.9925,6.6153,6.2894,6.0003,5.7317,5.4904,5.2860,5.1178,4.9808,4.8637,4.7571,4.6663,4.5977,4.5498,4.5197,4.5077,4.5124,4.5206,4.5231,4.5386,4.5820,4.6275,4.6509,4.6736,4.7202,4.7793,4.8345,4.8825,4.9243,4.9635,5.0049,5.0531,5.1109,5.1706,5.2253,5.2785,5.3337,5.3833,5.4198,5.4479,5.4741,5.4992,5.5207,5.5275,5.5109,5.4783,5.4383,5.3850,5.3120,5.2234,5.1241,5.0118,4.8843,4.7456,4.6006,4.4516,4.3003,4.1477,3.9957,3.8495,3.7119,3.5724,3.4203,3.2578,3.0924,2.9392,2.8097,2.6938,2.5790,2.4660,2.3566,2.2444,2.1247,2.0076,1.9027,1.8033,1.7012,1.6010,1.5090,1.4277,1.3569,1.2887,1.2170,1.1511,1.0999,1.0557,1.0093,0.9630,0.9206,0.8824,0.8476,0.8155,0.7846,0.7505,0.7113,0.6772,0.6574,0.6444,0.6290,0.6118,0.5954,0.5795,0.5635,0.5475,0.5317,0.5159,0.5003,0.4848,0.4694,0.4541,0.4390,0.4240,0.4091,0.3944,0.3799,0.3655,0.3513,0.3373,0.3234,0.3098,0.2963,0.2831,0.2700,0.2572,0.2446,0.2322,0.2201,0.2082,0.1965,0.1851,0.1739,0.1630,0.1524,0.1421,0.1320,0.1223,0.1128,0.1036,0.0948,0.0862,0.0780,0.0701,0.0625,0.0553,0.0484,0.0419,0.0357,0.0299,0.0245,0.0194,0.0147,0.0105,0.0066,0.0031,0.0000
0.0000,-0.0039,0.0009,0.0149,0.0388,0.0730,0.1183,0.1751,0.2441,0.3259,0.4211,0.5301,0.6537,0.7925,0.9469,1.1176,1.3052,1.5102,1.7333,1.9751,2.2360,2.5168,2.8180,3.1401,3.4839,3.8498,4.2385,4.6505,5.0861,5.5468,6.0333,6.5436,7.0777,7.6454,8.2499,8.8571,9.4584,10.1833,11.1283,12.1192,12.9629,13.6618,14.2509,14.7001,14.9749,15.0863,15.0480,14.8373,14.4368,13.8869,13.2362,12.5070,11.7288,10.9837,10.3417,9.7704,9.2273,8.7295,8.2993,7.9179,7.5635,7.2450,6.9753,6.7534,6.5726,6.4180,6.2775,6.1576,6.0671,6.0039,5.9641,5.9484,5.9545,5.9653,5.9687,5.9891,6.0463,6.1064,6.1372,6.1673,6.2287,6.3067,6.3795,6.4429,6.4980,6.5498,6.6043,6.6680,6.7442,6.8231,6.8953,6.9654,7.0383,7.1037,7.1519,7.1890,7.2235,7.2567,7.2850,7.2941,7.2721,7.2291,7.1763,7.1060,7.0097,6.8928,6.7617,6.6135,6.4453,6.2622,6.0709,5.8743,5.6746,5.4732,5.2727,5.0798,4.8982,4.7141,4.5133,4.2990,4.0807,3.8785,3.7077,3.5547,3.4032,3.2541,3.1097,2.9617,2.8037,2.6491,2.5108,2.3796,2.2449,2.1126,1.9912,1.8840,1.7906,1.7005,1.6059,1.5190,1.4514,1.3930,1.3319,1.2708,1.2149,1.1645,1.1185,1.0761,1.0353,0.9904,0.9386,0.8936,0.8675,0.8503,0.8300,0.8073,0.7856,0.7647,0.7436,0.7225,0.7016,0.6808,0.6602,0.6397,0.6194,0.5992,0.5793,0.5595,0.5399,0.5205,0.5013,0.4823,0.4636,0.4451,0.4268,0.4088,0.3910,0.3736,0.3563,0.3394,0.3228,0.3064,0.2904,0.2747,0.2593,0.2442,0.2295,0.2151,0.2011,0.1875,0.1742,0.1613,0.1488,0.1367,0.1250,0.1138,0.1029,0.0925,0.0825,0.0730,0.0639,0.0553,0.0471,0.0395,0.0323,0.0256,0.0195,0.0138,0.0087,0.0041,0.0000
0.0000,-0.0046,0.0011,0.0178,0.0464,0.0874,0.1416,0.2096,0.2922,0.3901,0.5040,0.6346,0.7826,0.9486,1.1335,1.3378,1.5624,1.8078,2.0749,2.3643,2.6767,3.0128,3.3733,3.7590,4.1705,4.6085,5.0738,5.5670,6.0885,6.6400,7.2223,7.8332,8.4725,9.1522,9.8758,10.6026,11.3224,12.1902,13.3214,14.5076,15.5176,16.3542,17.0594,17.5972,17.9261,18.0594,18.0136,17.7613,17.2819,16.6237,15.8447,14.9718,14.0402,13.1483,12.3798,11.6960,11.0457,10.4499,9.9350,9.4783,9.0541,8.6729,8.3500,8.0843,7.8679,7.6829,7.5146,7.3711,7.2628,7.1871,7.1395,7.1206,7.1280,7.1409,7.1450,7.1694,7.2379,7.3099,7.3467,7.3827,7.4562,7.5496,7.6368,7.7126,7.7786,7.8406,7.9059,7.9822,8.0733,8.1678,8.2541,8.3382,8.4254,8.5037,8.5614,8.6058,8.6471,8.6868,8.7207,8.7316,8.7052,8.6538,8.5905,8.5064,8.3911,8.2512,8.0942,7.9169,7.7155,7.4964,7.2673,7.0320,6.7929,6.5518,6.3118,6.0809,5.8635,5.6431,5.4028,5.1462,4.8849,4.6429,4.4384,4.2553,4.0739,3.8954,3.7226,3.5454,3.3563,3.1712,3.0056,2.8485,2.6873,2.5289,2.3836,2.2553,2.1435,2.0356,1.9224,1.8183,1.7375,1.6676,1.5944,1.5212,1.4543,1.3939,1.3389,1.2881,1.2393,1.1856,1.1236,1.0698,1.0385,1.0179,0.9935,0.9664,0.9405,0.9154,0.8902,0.8649,0.8398,0.8150,0.7903,0.7658,0.7414,0.7173,0.6934,0.6697,0.6463,0.6231,0.6001,0.5774,0.5550,0.5328,0.5109,0.4894,0.4681,0.4472,0.4266,0.4063,0.3864,0.3668,0.3476,0.3288,0.3104,0.2924,0.2747,0.2575,0.2408,0.2244,0.2086,0.1931,0.1782,0.1637,0.1497,0.1362,0.1232,0.1107,0.0988,0.0874,0.0765,0.0662,0.0564,0.0473,0.0387,0.0307,0.0233,0.0165,0.0104,0.0049,0.0000
0.0000,-0.0066,0.0015,0.0254,0.0659,0.1241,0.2011,0.2977,0.4151,0.5541,0.7159,0.9013,1.1115,1.3473,1.6099,1.9001,2.2191,2.5677,2.9470,3.3580,3.8017,4.2791,4.7912,5.3389,5.9233,6.5455,7.2064,7.9068,8.6475,9.4308,10.2578,11.1255,12.0336,12.9989,14.0266,15.0590,16.0813,17.3138,18.9205,20.6052,22.0397,23.2280,24.2295,24.9934,25.4605,25.6499,25.5848,25.2265,24.5456,23.6108,22.5043,21.2646,19.9414,18.6746,17.5831,16.6119,15.6883,14.8421,14.1107,13.4621,12.8596,12.3181,11.8596,11.4822,11.1749,10.9121,10.6730,10.4692,10.3154,10.2079,10.1403,10.1135,10.1239,10.1422,10.1480,10.1827,10.2800,10.3822,10.4346,10.4857,10.5901,10.7228,10.8466,10.9543,11.0480,11.1361,11.2288,11.3371,11.4666,11.6007,11.7234,11.8428,11.9667,12.0779,12.1597,12.2229,12.2816,12.3379,12.3861,12.4015,12.3641,12.2911,12.2012,12.0817,11.9180,11.7192,11.4963,11.2444,10.9584,10.6472,10.3218,9.9875,9.6480,9.3056,8.9646,8.6367,8.3280,8.0149,7.6737,7.3092,6.9381,6.5943,6.3039,6.0438,5.7862,5.5326,5.2872,5.0355,4.7669,4.5041,4.2689,4.0458,3.8168,3.5919,3.3855,3.2033,3.0444,2.8912,2.7304,2.5826,2.4677,2.3684,2.2645,2.1606,2.0655,1.9798,1.9017,1.8296,1.7602,1.6838,1.5959,1.5194,1.4749,1.4457,1.4111,1.3726,1.3357,1.3001,1.2643,1.2284,1.1928,1.1575,1.1225,1.0876,1.0531,1.0188,0.9849,0.9512,0.9179,0.8849,0.8523,0.8201,0.7882,0.7567,0.7257,0.6950,0.6649,0.6351,0.6059,0.5771,0.5488,0.5210,0.4937,0.4670,0.4409,0.4152,0.3902,0.3658,0.3420,0.3188,0.2962,0.2743,0.2531,0.2325,0.2126,0.1934,0.1750,0.1572,0.1403,0.1241,0.1086,0.0940,0.0801,0.0671,0.0549,0.0436,0.0331,0.0235,0.0147,0.0069,0.0000
0.0000,-0.0060,0.0014,0.0231,0.0601,0.1132,0.1833,0.2714,0.3784,0.5052,0.6526,0.8217,1.0133,1.2283,1.4677,1.7323,2.0230,2.3409,2.6867,3.0614,3.4659,3.9011,4.3679,4.8673,5.4001,5.9672,6.5698,7.2083,7.8836,8.5976,9.3516,10.1426,10.9705,11.8505,12.7875,13.7286,14.6606,15.7842,17.2490,18.7849,20.0926,21.1759,22.0890,22.7854,23.2112,23.3839,23.3245,22.9979,22.3772,21.5249,20.5162,19.3860,18.1797,17.0248,16.0297,15.1443,14.3024,13.5309,12.8641,12.2728,11.7235,11.2299,10.8119,10.4678,10.1876,9.9481,9.7301,9.5443,9.4041,9.3061,9.2444,9.2200,9.2295,9.2462,9.2515,9.2831,9.3718,9.4650,9.5128,9.5593,9.6545,9.7755,9.8883,9.9865,10.0720,10.1523,10.2368,10.3356,10.4536,10.5759,10.6877,10.7965,10.9095,11.0109,11.0855,11.1430,11.1966,11.2479,11.2919,11.3059,11.2718,11.2053,11.1233,11.0144,10.8651,10.6839,10.4806,10.2511,9.9903,9.7065,9.4099,9.1052,8.7956,8.4835,8.1727,7.8737,7.5923,7.3069,6.9957,6.6635,6.3251,6.0117,5.7470,5.5099,5.2751,5.0439,4.8201,4.5907,4.3458,4.1062,3.8918,3.6884,3.4796,3.2746,3.0864,2.9203,2.7754,2.6358,2.4892,2.3544,2.2497,2.1592,2.0644,1.9697,1.8831,1.8049,1.7337,1.6679,1.6047,1.5351,1.4549,1.3852,1.3446,1.3180,1.2865,1.2513,1.2177,1.1853,1.1526,1.1199,1.0874,1.0553,1.0233,0.9915,0.9601,0.9288,0.8979,0.8672,0.8368,0.8068,0.7770,0.7476,0.7186,0.6899,0.6616,0.6336,0.6061,0.5790,0.5523,0.5261,0.5003,0.4750,0.4501,0.4258,0.4019,0.3786,0.3558,0.3335,0.3118,0.2906,0.2700,0.2501,0.2307,0.2119,0.1938,0.1763,0.1595,0.1434,0.1279,0.1131,0.0990,0.0857,0.0731,0.0612,0.0501,0.0397,0.0302,0.0214,0.0134,0.0063,0.0000
0.0000,-0.0066,0.0015,0.0252,0.0655,0.1234,0.1999,0.2960,0.4126,0.5509,0.7117,0.8961,1.1050,1.3395,1.6005,1.8890,2.2061,2.5527,2.9298,3.3384,3.7795,4.2541,4.7631,5.3077,5.8887,6.5072,7.1642,7.8605,8.5969,9.3756,10.1978,11.0604,11.9632,12.9228,13.9445,14.9708,15.9871,17.2124,18.8097,20.4846,21.9107,23.0920,24.0877,24.8471,25.3115,25.4998,25.4350,25.0789,24.4019,23.4725,22.3726,21.1401,19.8247,18.5653,17.4801,16.5146,15.5965,14.7552,14.0281,13.3833,12.7843,12.2460,11.7902,11.4150,11.1094,10.8482,10.6106,10.4079,10.2550,10.1481,10.0809,10.0543,10.0647,10.0829,10.0886,10.1231,10.2198,10.3215,10.3735,10.4243,10.5281,10.6600,10.7831,10.8902,10.9833,11.0709,11.1631,11.2708,11.3995,11.5328,11.6548,11.7734,11.8966,12.0072,12.0886,12.1513,12.2097,12.2657,12.3136,12.3289,12.2917,12.2192,12.1298,12.0110,11.8482,11.6506,11.4290,11.1786,10.8943,10.5848,10.2614,9.9291,9.5915,9.2511,8.9122,8.5862,8.2793,7.9680,7.6287,7.2664,6.8975,6.5557,6.2670,6.0084,5.7524,5.5002,5.2562,5.0060,4.7390,4.4777,4.2439,4.0221,3.7945,3.5708,3.3657,3.1845,3.0266,2.8743,2.7144,2.5675,2.4533,2.3546,2.2512,2.1479,2.0535,1.9682,1.8906,1.8189,1.7499,1.6740,1.5865,1.5105,1.4663,1.4373,1.4029,1.3646,1.3279,1.2925,1.2569,1.2212,1.1858,1.1507,1.1159,1.0813,1.0469,1.0129,0.9791,0.9457,0.9125,0.8798,0.8473,0.8153,0.7836,0.7523,0.7214,0.6910,0.6610,0.6314,0.6023,0.5737,0.5456,0.5179,0.4908,0.4643,0.4383,0.4128,0.3879,0.3637,0.3400,0.3169,0.2945,0.2727,0.2516,0.2311,0.2114,0.1923,0.1739,0.1563,0.1395,0.1233,0.1080,0.0934,0.0797,0.0667,0.0546,0.0433,0.0329,0.0233,0.0147,0.0069,0.0000
0.0000,-0.0095,0.0022,0.0364,0.0946,0.1783,0.2888,0.4276,0.5961,0.7958,1.0282,1.2945,1.5963,1.9351,2.3121,2.7290,3.1870,3.6877,4.2325,4.8228,5.4600,6.1456,6.8811,7.6678,8.5071,9.4006,10.3498,11.3557,12.4196,13.5445,14.7323,15.9784,17.2826,18.6690,20.1450,21.6277,23.0959,24.8660,27.1735,29.5931,31.6533,33.3600,34.7984,35.8954,36.5663,36.8384,36.7448,36.2303,35.2523,33.9097,32.3206,30.5402,28.6398,26.8204,25.2527,23.8579,22.5315,21.3161,20.2657,19.3342,18.4689,17.6913,17.0327,16.4908,16.0493,15.6719,15.3286,15.0358,14.8149,14.6605,14.5634,14.5250,14.5399,14.5662,14.5746,14.6244,14.7641,14.9109,14.9861,15.0595,15.2094,15.4001,15.5778,15.7325,15.8671,15.9936,16.1268,16.2823,16.4683,16.6610,16.8371,17.0085,17.1865,17.3462,17.4638,17.5544,17.6388,17.7197,17.7889,17.8110,17.7573,17.6525,17.5233,17.3517,17.1166,16.8310,16.5109,16.1492,15.7384,15.2914,14.8241,14.3441,13.8564,13.3647,12.8750,12.4041,11.9607,11.5110,11.0209,10.4974,9.9645,9.4707,9.0536,8.6801,8.3102,7.9459,7.5935,7.2320,6.8462,6.4688,6.1310,5.8106,5.4817,5.1586,4.8622,4.6005,4.3723,4.1523,3.9214,3.7091,3.5441,3.4015,3.2522,3.1030,2.9665,2.8434,2.7312,2.6276,2.5280,2.4183,2.2920,2.1821,2.1183,2.0764,2.0266,1.9713,1.9184,1.8672,1.8158,1.7642,1.7131,1.6624,1.6121,1.5621,1.5124,1.4632,1.4145,1.3661,1.3183,1.2709,1.2241,1.1778,1.1320,1.0868,1.0422,0.9982,0.9549,0.9122,0.8701,0.8288,0.7881,0.7482,0.7091,0.6707,0.6331,0.5964,0.5604,0.5254,0.4911,0.4578,0.4254,0.3940,0.3634,0.3339,0.3053,0.2778,0.2513,0.2258,0.2015,0.1782,0.1560,0.1350,0.1151,0.0964,0.0789,0.0626,0.0475,0.0337,0.0212,0.0099,0.0000
0.0000,-0.0116,0.0027,0.0446,0.1159,0.2183,0.3536,0.5235,0.7299,0.9744,1.2588,1.5849,1.9545,2.3692,2.8308,3.3412,3.9020,4.5150,5.1820,5.9047,6.6849,7.5244,8.4248,9.3880,10.4156,11.5096,12.6717,13.9032,15.2058,16.5830,18.0374,19.5630,21.1598,22.8572,24.6643,26.4797,28.2772,30.4445,33.2697,36.2321,38.7545,40.8440,42.6051,43.9483,44.7696,45.1027,44.9882,44.3582,43.1609,41.5171,39.5715,37.3916,35.0649,32.8374,30.9180,29.2102,27.5863,26.0982,24.8122,23.6717,22.6123,21.6601,20.8539,20.1903,19.6498,19.1877,18.7674,18.4090,18.1385,17.9495,17.8306,17.7835,17.8019,17.8340,17.8443,17.9052,18.0763,18.2561,18.3481,18.4380,18.6215,18.8549,19.0726,19.2620,19.4267,19.5816,19.7447,19.9352,20.1629,20.3987,20.6144,20.8243,21.0421,21.2377,21.3816,21.4926,21.5959,21.6949,21.7796,21.8067,21.7410,21.6126,21.4545,21.2444,20.9565,20.6069,20.2150,19.7722,19.2692,18.7219,18.1498,17.5620,16.9649,16.3630,15.7634,15.1868,14.6440,14.0934,13.4933,12.8524,12.1999,11.5954,11.0847,10.6274,10.1745,9.7286,9.2970,8.8544,8.3821,7.9200,7.5065,7.1141,6.7115,6.3159,5.9530,5.6326,5.3532,5.0839,4.8011,4.5412,4.3392,4.1647,3.9819,3.7991,3.6321,3.4813,3.3439,3.2171,3.0952,2.9609,2.8062,2.6717,2.5935,2.5422,2.4813,2.4136,2.3488,2.2861,2.2231,2.1600,2.0974,2.0354,1.9737,1.9125,1.8517,1.7915,1.7318,1.6726,1.6140,1.5561,1.4987,1.4420,1.3860,1.3306,1.2760,1.2222,1.1691,1.1168,1.0653,1.0147,0.9650,0.9161,0.8682,0.8212,0.7752,0.7302,0.6862,0.6432,0.6013,0.5605,0.5209,0.4823,0.4450,0.4088,0.3738,0.3401,0.3077,0.2765,0.2467,0.2182,0.1910,0.1653,0.1409,0.1180,0.0966,0.0766,0.0582,0.0413,0.0259,0.0122,0.0000
0.0000,-0.0174,0.0040,0.0670,0.1742,0.3281,0.5316,0.7871,1.0973,1.4650,1.8926,2.3829,2.9385,3.5620,4.2561,5.0234,5.8666,6.7882,7.7910,8.8776,10.0506,11.3127,12.6665,14.1145,15.6595,17.3043,19.0516,20.9032,22.8615,24.9322,27.1187,29.4125,31.8132,34.3652,37.0822,39.8115,42.5141,45.7724,50.0201,54.4740,58.2663,61.4078,64.0556,66.0750,67.3099,67.8107,67.6386,66.6914,64.8912,62.4198,59.4947,56.2172,52.7192,49.3701,46.4843,43.9167,41.4753,39.2379,37.3044,35.5897,33.9969,32.5654,31.3532,30.3556,29.5430,28.8482,28.2163,27.6774,27.2707,26.9865,26.8078,26.7370,26.7646,26.8130,26.8284,26.9200,27.1773,27.4475,27.5859,27.7210,27.9970,28.3479,28.6751,28.9598,29.2075,29.4405,29.6856,29.9720,30.3143,30.6689,30.9932,31.3087,31.6363,31.9303,32.1467,32.3135,32.4688,32.6178,32.7451,32.7858,32.6870,32.4940,32.2563,31.9404,31.5076,30.9820,30.3927,29.7269,28.9707,28.1479,27.2877,26.4041,25.5063,24.6013,23.6998,22.8329,22.0168,21.1891,20.2869,19.3233,18.3422,17.4333,16.6655,15.9780,15.2971,14.6266,13.9778,13.3124,12.6023,11.9075,11.2857,10.6959,10.0906,9.4958,8.9502,8.4685,8.0484,7.6435,7.2183,6.8276,6.5239,6.2615,5.9866,5.7119,5.4607,5.2341,5.0275,4.8368,4.6535,4.4516,4.2190,4.0168,3.8993,3.8221,3.7306,3.6288,3.5313,3.4371,3.3424,3.2475,3.1534,3.0601,2.9674,2.8754,2.7840,2.6935,2.6037,2.5148,2.4267,2.3395,2.2533,2.1680,2.0838,2.0006,1.9185,1.8375,1.7577,1.6791,1.6017,1.5256,1.4508,1.3774,1.3053,1.2347,1.1655,1.0978,1.0316,0.9671,0.9041,0.8428,0.7831,0.7252,0.6690,0.6146,0.5621,0.5114,0.4626,0.4157,0.3708,0.3280,0.2872,0.2485,0.2119,0.1774,0.1452,0.1152,0.0875,0.0620,0.0390,0.0183,0.0000
0.0000,-0.0095,0.0022,0.0366,0.0951,0.1791,0.2901,0.4295,0.5988,0.7994,1.0328,1.3004,1.6036,1.9438,2.3226,2.7413,3.2015,3.7044,4.2517,4.8446,5.4847,6.1735,6.9122,7.7025,8.5456,9.4432,10.3967,11.4071,12.4758,13.6058,14.7990,16.0507,17.3609,18.7535,20.2362,21.7256,23.2005,24.9786,27.2966,29.7271,31.7967,33.5110,34.9559,36.0580,36.7319,37.0051,36.9112,36.3943,35.4119,34.0633,32.4670,30.6784,28.7695,26.9419,25.3671,23.9659,22.6336,21.4126,20.3575,19.4217,18.5525,17.7714,17.1098,16.5654,16.1220,15.7428,15.3980,15.1039,14.8820,14.7269,14.6294,14.5907,14.6058,14.6322,14.6406,14.6906,14.8310,14.9784,15.0540,15.1277,15.2783,15.4698,15.6483,15.8037,15.9389,16.0660,16.1998,16.3561,16.5429,16.7364,16.9134,17.0855,17.2643,17.4248,17.5429,17.6339,17.7186,17.7999,17.8694,17.8916,17.8377,17.7324,17.6027,17.4303,17.1941,16.9072,16.5857,16.2224,15.8097,15.3606,14.8912,14.4090,13.9191,13.4252,12.9333,12.4602,12.0148,11.5632,11.0708,10.5450,10.0096,9.5136,9.0946,8.7194,8.3478,7.9819,7.6278,7.2647,6.8772,6.4981,6.1588,5.8369,5.5065,5.1820,4.8842,4.6213,4.3921,4.1711,3.9391,3.7259,3.5602,3.4170,3.2670,3.1170,2.9800,2.8563,2.7436,2.6395,2.5395,2.4293,2.3024,2.1920,2.1279,2.0858,2.0358,1.9803,1.9271,1.8757,1.8240,1.7722,1.7209,1.6700,1.6194,1.5691,1.5193,1.4699,1.4209,1.3723,1.3243,1.2767,1.2296,1.1831,1.1371,1.0917,1.0469,1.0027,0.9592,0.9163,0.8741,0.8325,0.7917,0.7516,0.7123,0.6738,0.6360,0.5991,0.5630,0.5277,0.4934,0.4599,0.4274,0.3957,0.3651,0.3354,0.3067,0.2791,0.2524,0.2269,0.2024,0.1790,0.1567,0.1356,0.1156,0.0968,0.0792,0.0629,0.0477,0.0339,0.0213,0.0100,0.0000
0.0000,-0.0134,0.0031,0.0515,0.1338,0.2522,0.4085,0.6048,0.8432,1.1257,1.4543,1.8310,2.2579,2.7370,3.2704,3.8600,4.5079,5.2161,5.9866,6.8216,7.7229,8.6927,9.7329,10.8456,12.0328,13.2967,14.6393,16.0620,17.5668,19.1579,20.8380,22.6006,24.4453,26.4063,28.4940,30.5912,32.6679,35.1716,38.4355,41.8579,44.7719,47.1858,49.2204,50.7721,51.7210,52.1058,51.9736,51.2458,49.8625,47.9635,45.7158,43.1974,40.5095,37.9361,35.7186,33.7457,31.8696,30.1505,28.6648,27.3472,26.1233,25.0233,24.0918,23.3253,22.7009,22.1670,21.6814,21.2673,20.9548,20.7365,20.5992,20.5448,20.5660,20.6031,20.6150,20.6854,20.8830,21.0907,21.1971,21.3008,21.5129,21.7825,22.0340,22.2528,22.4431,22.6221,22.8105,23.0305,23.2936,23.5660,23.8152,24.0577,24.3093,24.5353,24.7016,24.8298,24.9491,25.0635,25.1614,25.1927,25.1167,24.9684,24.7858,24.5430,24.2105,23.8066,23.3538,22.8422,22.2612,21.6289,20.9679,20.2889,19.5991,18.9036,18.2110,17.5449,16.9177,16.2817,15.5884,14.8481,14.0942,13.3958,12.8058,12.2775,11.7543,11.2391,10.7405,10.2293,9.6836,9.1498,8.6720,8.2187,7.7536,7.2966,6.8773,6.5072,6.1844,5.8732,5.5466,5.2464,5.0130,4.8113,4.6001,4.3890,4.1960,4.0219,3.8632,3.7166,3.5757,3.4206,3.2419,3.0865,2.9962,2.9369,2.8666,2.7883,2.7134,2.6411,2.5683,2.4954,2.4231,2.3514,2.2802,2.2094,2.1393,2.0697,2.0007,1.9323,1.8647,1.7977,1.7314,1.6659,1.6012,1.5372,1.4742,1.4119,1.3506,1.2902,1.2307,1.1723,1.1148,1.0584,1.0030,0.9487,0.8956,0.8435,0.7927,0.7431,0.6947,0.6476,0.6017,0.5572,0.5141,0.4723,0.4319,0.3929,0.3554,0.3194,0.2850,0.2520,0.2207,0.1909,0.1628,0.1363,0.1116,0.0885,0.0672,0.0477,0.0299,0.0140,0.0000
0.0000,-0.0184,0.0042,0.0707,0.1837,0.3460,0.5605,0.8299,1.1571,1.5447,1.9956,2.5126,3.0984,3.7559,4.4877,5.2968,6.1859,7.1577,8.2151,9.3608,10.5977,11.9284,13.3559,14.8828,16.5119,18.2462,20.0886,22.0410,24.1059,26.2893,28.5948,31.0134,33.5449,36.2358,39.1006,41.9785,44.8282,48.2639,52.7428,57.4391,61.4379,64.7504,67.5423,69.6716,70.9737,71.5018,71.3203,70.3215,68.4234,65.8174,62.7331,59.2772,55.5888,52.0574,49.0145,46.3072,43.7328,41.3737,39.3350,37.5269,35.8474,34.3380,33.0598,32.0079,31.1510,30.4185,29.7522,29.1839,28.7551,28.4555,28.2670,28.1924,28.2214,28.2725,28.2887,28.3853,28.6566,28.9415,29.0875,29.2299,29.5209,29.8909,30.2359,30.5362,30.7974,31.0430,31.3015,31.6034,31.9644,32.3383,32.6802,33.0129,33.3583,33.6683,33.8965,34.0724,34.2361,34.3932,34.5275,34.5704,34.4662,34.2627,34.0121,33.6790,33.2226,32.6684,32.0470,31.3450,30.5477,29.6800,28.7730,27.8413,26.8947,25.9404,24.9899,24.0758,23.2152,22.3425,21.3911,20.3751,19.3406,18.3822,17.5727,16.8477,16.1297,15.4228,14.7386,14.0370,13.2882,12.5557,11.9001,11.2781,10.6398,10.0127,9.4374,8.9294,8.4865,8.0595,7.6112,7.1993,6.8790,6.6023,6.3125,6.0228,5.7579,5.5190,5.3012,5.1001,4.9068,4.6939,4.4487,4.2354,4.1115,4.0301,3.9336,3.8263,3.7235,3.6242,3.5244,3.4243,3.3251,3.2267,3.1290,3.0319,2.9356,2.8401,2.7454,2.6516,2.5588,2.4668,2.3759,2.2860,2.1972,2.1095,2.0229,1.9375,1.8534,1.7705,1.6889,1.6086,1.5298,1.4523,1.3763,1.3019,1.2289,1.1575,1.0878,1.0197,0.9533,0.8886,0.8257,0.7646,0.7054,0.6481,0.5926,0.5392,0.4877,0.4383,0.3910,0.3458,0.3028,0.2620,0.2234,0.1871,0.1531,0.1215,0.0922,0.0654,0.0411,0.0193,0.0000
0.0000,-0.0218,0.0050,0.0838,0.2179,0.4105,0.6649,0.9845,1.3726,1.8324,2.3673,2.9805,3.6755,4.4554,5.3236,6.2833,7.3380,8.4908,9.7451,11.1042,12.5714,14.1500,15.8434,17.6546,19.5872,21.6445,23.8300,26.1459,28.5954,31.1855,33.9204,36.7895,39.7924,42.9844,46.3829,49.7967,53.1772,57.2527,62.5658,68.1368,72.8803,76.8097,80.1216,82.6475,84.1922,84.8185,84.6032,83.4185,81.1668,78.0755,74.4167,70.3172,65.9418,61.7528,58.1432,54.9317,51.8778,49.0793,46.6608,44.5161,42.5238,40.7333,39.2170,37.9692,36.9527,36.0838,35.2933,34.6192,34.1106,33.7551,33.5316,33.4430,33.4775,33.5381,33.5573,33.6719,33.9937,34.3317,34.5048,34.6737,35.0190,35.4579,35.8672,36.2233,36.5332,36.8245,37.1312,37.4893,37.9176,38.3611,38.7667,39.1613,39.5711,39.9388,40.2095,40.4182,40.6124,40.7987,40.9580,41.0089,40.8853,40.6439,40.3466,39.9515,39.4101,38.7527,38.0156,37.1828,36.2370,35.2077,34.1318,33.0265,31.9037,30.7716,29.6441,28.5597,27.5389,26.5036,25.3751,24.1698,22.9427,21.8058,20.8455,19.9855,19.1338,18.2952,17.4836,16.6513,15.7631,14.8941,14.1164,13.3786,12.6214,11.8775,11.1950,10.5925,10.0671,9.5605,9.0288,8.5401,8.1602,7.8319,7.4881,7.1445,6.8303,6.5469,6.2885,6.0500,5.8206,5.5681,5.2772,5.0243,4.8773,4.7807,4.6663,4.5389,4.4170,4.2992,4.1808,4.0620,3.9443,3.8277,3.7117,3.5966,3.4823,3.3690,3.2567,3.1455,3.0353,2.9263,2.8184,2.7118,2.6064,2.5023,2.3996,2.2984,2.1985,2.1002,2.0034,1.9082,1.8147,1.7228,1.6327,1.5443,1.4578,1.3731,1.2904,1.2096,1.1308,1.0541,0.9795,0.9071,0.8368,0.7688,0.7030,0.6396,0.5786,0.5200,0.4639,0.4103,0.3592,0.3108,0.2650,0.2219,0.1816,0.1441,0.1094,0.0776,0.0487,0.0229,0.0000
0.0000,-0.0214,0.0049,0.0822,0.2137,0.4026,0.6522,0.9656,1.3463,1.7973,2.3219,2.9235,3.6051,4.3700,5.2216,6.1630,7.1974,8.3282,9.5585,10.8916,12.3307,13.8790,15.5399,17.3165,19.2120,21.2299,23.3736,25.6452,28.0478,30.5882,33.2707,36.0849,39.0303,42.1612,45.4945,48.8430,52.1587,56.1562,61.3675,66.8318,71.4845,75.3386,78.5871,81.0646,82.5797,83.1941,82.9829,81.8208,79.6123,76.5802,72.9915,68.9705,64.6789,60.5701,57.0296,53.8796,50.8842,48.1394,45.7672,43.6635,41.7094,39.9531,38.4659,37.2420,36.2450,35.3927,34.6174,33.9562,33.4573,33.1086,32.8893,32.8025,32.8363,32.8957,32.9146,33.0270,33.3426,33.6742,33.8440,34.0097,34.3483,34.7788,35.1802,35.5296,35.8335,36.1193,36.4200,36.7713,37.1913,37.6263,38.0242,38.4113,38.8132,39.1739,39.4394,39.6441,39.8346,40.0173,40.1736,40.2235,40.1022,39.8655,39.5739,39.1863,38.6553,38.0105,37.2875,36.4707,35.5430,34.5334,33.4781,32.3940,31.2926,30.1822,29.0763,28.0128,27.0115,25.9960,24.8891,23.7069,22.5033,21.3882,20.4462,19.6028,18.7673,17.9448,17.1487,16.3324,15.4612,14.6088,13.8460,13.1223,12.3797,11.6500,10.9806,10.3896,9.8743,9.3774,8.8559,8.3765,8.0039,7.6819,7.3447,7.0076,6.6995,6.4215,6.1681,5.9341,5.7092,5.4615,5.1762,4.9280,4.7839,4.6891,4.5769,4.4520,4.3324,4.2169,4.1007,3.9842,3.8688,3.7544,3.6406,3.5277,3.4156,3.3045,3.1944,3.0852,2.9772,2.8702,2.7644,2.6598,2.5565,2.4544,2.3537,2.2543,2.1564,2.0600,1.9650,1.8717,1.7799,1.6898,1.6014,1.5147,1.4299,1.3468,1.2657,1.1864,1.1092,1.0339,0.9608,0.8897,0.8208,0.7540,0.6896,0.6274,0.5675,0.5100,0.4550,0.4024,0.3523,0.3048,0.2599,0.2177,0.1781,0.1413,0.1073,0.0761,0.0478,0.0224,0.0000
0.0000,-0.0215,0.0050,0.0827,0.2148,0.4047,0.6556,0.9707,1.3534,1.8068,2.3342,2.9388,3.6241,4.3930,5.2491,6.1954,7.2353,8.3720,9.6088,10.9489,12.3956,13.9521,15.6217,17.4077,19.3132,21.3417,23.4966,25.7802,28.1954,30.7492,33.4459,36.2749,39.2357,42.3831,45.7340,49.1001,52.4333,56.4518,61.6905,67.1836,71.8608,75.7352,79.0008,81.4914,83.0144,83.6320,83.4197,82.2515,80.0314,76.9833,73.3757,69.3336,65.0194,60.8889,57.3298,54.1632,51.1521,48.3928,46.0081,43.8934,41.9289,40.1635,38.6684,37.4380,36.4358,35.5790,34.7996,34.1349,33.6334,33.2829,33.0625,32.9752,33.0092,33.0689,33.0879,33.2008,33.5181,33.8514,34.0221,34.1887,34.5291,34.9619,35.3654,35.7166,36.0221,36.3094,36.6117,36.9649,37.3871,37.8244,38.2244,38.6135,39.0175,39.3801,39.6470,39.8528,40.0443,40.2280,40.3850,40.4352,40.3133,40.0754,39.7822,39.3926,38.8588,38.2106,37.4838,36.6627,35.7301,34.7152,33.6543,32.5645,31.4574,30.3411,29.2294,28.1602,27.1537,26.1328,25.0201,23.8317,22.6217,21.5008,20.5539,19.7060,18.8661,18.0392,17.2390,16.4184,15.5426,14.6857,13.9189,13.1914,12.4448,11.7114,11.0384,10.4443,9.9263,9.4268,8.9025,8.4206,8.0460,7.7223,7.3834,7.0445,6.7348,6.4553,6.2005,5.9653,5.7392,5.4902,5.2034,4.9540,4.8091,4.7138,4.6010,4.4754,4.3552,4.2391,4.1223,4.0052,3.8892,3.7741,3.6598,3.5462,3.4336,3.3219,3.2112,3.1015,2.9929,2.8853,2.7790,2.6738,2.5699,2.4673,2.3661,2.2662,2.1678,2.0708,1.9754,1.8815,1.7893,1.6987,1.6098,1.5227,1.4374,1.3539,1.2723,1.1927,1.1150,1.0394,0.9658,0.8944,0.8251,0.7580,0.6932,0.6307,0.5705,0.5127,0.4574,0.4045,0.3542,0.3064,0.2613,0.2188,0.1791,0.1421,0.1079,0.0765,0.0481,0.0225,0.0000
0.0000,-0.0159,0.0037,0.0611,0.1589,0.2994,0.4850,0.7181,1.0011,1.3365,1.7266,2.1739,2.6808,3.2496,3.8829,4.5829,5.3521,6.1930,7.1079,8.0992,9.1693,10.3207,11.5558,12.8769,14.2864,15.7870,17.3810,19.0702,20.8568,22.7460,24.7407,26.8334,29.0236,31.3518,33.8306,36.3206,38.7862,41.7588,45.6340,49.6974,53.1572,56.0232,58.4388,60.2812,61.4078,61.8647,61.7076,60.8435,59.2012,56.9465,54.2778,51.2878,48.0964,45.0410,42.4083,40.0659,37.8385,35.7973,34.0333,32.4690,31.0159,29.7099,28.6040,27.6938,26.9525,26.3187,25.7421,25.2504,24.8794,24.6202,24.4571,24.3925,24.4177,24.4619,24.4759,24.5595,24.7942,25.0408,25.1670,25.2902,25.5420,25.8622,26.1607,26.4205,26.6464,26.8590,27.0826,27.3438,27.6562,27.9797,28.2755,28.5634,28.8622,29.1305,29.3279,29.4801,29.6217,29.7576,29.8738,29.9109,29.8208,29.6447,29.4279,29.1397,28.7448,28.2653,27.7277,27.1203,26.4304,25.6797,24.8949,24.0888,23.2698,22.4441,21.6217,20.8308,20.0862,19.3311,18.5080,17.6289,16.7338,15.9047,15.2042,14.5770,13.9557,13.3441,12.7521,12.1451,11.4972,10.8634,10.2961,9.7580,9.2058,8.6632,8.1654,7.7259,7.3427,6.9732,6.5854,6.2289,5.9518,5.7124,5.4617,5.2110,4.9819,4.7751,4.5867,4.4127,4.2454,4.0612,3.8491,3.6646,3.5574,3.4869,3.4035,3.3106,3.2216,3.1357,3.0493,2.9627,2.8769,2.7918,2.7072,2.6232,2.5399,2.4573,2.3754,2.2942,2.2139,2.1344,2.0557,1.9779,1.9010,1.8251,1.7502,1.6764,1.6036,1.5318,1.4612,1.3918,1.3236,1.2566,1.1908,1.1264,1.0633,1.0015,0.9412,0.8823,0.8248,0.7689,0.7144,0.6616,0.6103,0.5607,0.5128,0.4665,0.4220,0.3793,0.3383,0.2992,0.2620,0.2267,0.1933,0.1619,0.1325,0.1051,0.0798,0.0566,0.0355,0.0167,0.0000
0.0000,-0.0184,0.0042,0.0707,0.1837,0.3461,0.5607,0.8302,1.1574,1.5452,1.9963,2.5134,3.0994,3.7571,4.4892,5.2986,6.1879,7.1601,8.2178,9.3639,10.6012,11.9324,13.3603,14.8877,16.5174,18.2523,20.0952,22.0482,24.1138,26.2979,28.6042,31.0237,33.5560,36.2477,39.1135,41.9923,44.8430,48.2798,52.7602,57.4580,61.4582,64.7717,67.5646,69.6946,70.9972,71.5254,71.3438,70.3448,68.4460,65.8392,62.7538,59.2968,55.6071,52.0746,49.0307,46.3225,43.7473,41.3874,39.3479,37.5393,35.8593,34.3494,33.0707,32.0185,31.1613,30.4285,29.7620,29.1935,28.7646,28.4649,28.2763,28.2017,28.2308,28.2818,28.2980,28.3947,28.6660,28.9511,29.0971,29.2395,29.5306,29.9008,30.2459,30.5462,30.8075,31.0532,31.3118,31.6138,31.9749,32.3489,32.6910,33.0238,33.3693,33.6794,33.9077,34.0837,34.2474,34.4046,34.5389,34.5818,34.4775,34.2740,34.0233,33.6901,33.2336,32.6792,32.0576,31.3554,30.5578,29.6898,28.7825,27.8505,26.9036,25.9489,24.9981,24.0837,23.2229,22.3498,21.3982,20.3818,19.3470,18.3883,17.5785,16.8533,16.1350,15.4279,14.7435,14.0417,13.2926,12.5598,11.9040,11.2818,10.6433,10.0160,9.4405,8.9324,8.4893,8.0622,7.6138,7.2017,6.8813,6.6045,6.3145,6.0248,5.7598,5.5208,5.3029,5.1018,4.9084,4.6954,4.4502,4.2368,4.1129,4.0315,3.9349,3.8275,3.7247,3.6254,3.5255,3.4254,3.3262,3.2278,3.1300,3.0329,2.9365,2.8410,2.7463,2.6525,2.5596,2.4677,2.3767,2.2868,2.1979,2.1102,2.0236,1.9382,1.8540,1.7710,1.6894,1.6092,1.5303,1.4528,1.3768,1.3023,1.2293,1.1579,1.0882,1.0200,0.9536,0.8889,0.8260,0.7649,0.7056,0.6483,0.5928,0.5394,0.4879,0.4385,0.3912,0.3460,0.3029,0.2621,0.2235,0.1871,0.1531,0.1215,0.0922,0.0654,0.0411,0.0193,0.0000
0.0000,-0.0153,0.0035,0.0589,0.1532,0.2886,0.4674,0.6921,0.9649,1.2882,1.6642,2.0953,2.5839,3.1322,3.7425,4.4172,5.1586,5.9691,6.8509,7.8063,8.8378,9.9476,11.1380,12.4113,13.7699,15.2162,16.7526,18.3807,20.1027,21.9236,23.8462,25.8632,27.9743,30.2183,32.6074,35.0074,37.3838,40.2490,43.9841,47.9005,51.2352,53.9976,56.3259,58.1017,59.1875,59.6279,59.4765,58.6437,57.0607,54.8875,52.3154,49.4334,46.3575,43.4125,40.8750,38.6173,36.4704,34.5030,32.8028,31.2951,29.8945,28.6357,27.5698,26.6925,25.9780,25.3671,24.8114,24.3375,23.9799,23.7300,23.5729,23.5106,23.5349,23.5774,23.5910,23.6715,23.8977,24.1354,24.2571,24.3758,24.6185,24.9271,25.2148,25.4652,25.6830,25.8879,26.1034,26.3552,26.6562,26.9680,27.2532,27.5306,27.8187,28.0772,28.2675,28.4142,28.5507,28.6817,28.7937,28.8295,28.7426,28.5729,28.3639,28.0861,27.7055,27.2433,26.7252,26.1397,25.4748,24.7512,23.9948,23.2178,22.4285,21.6326,20.8399,20.0777,19.3600,18.6322,17.8388,16.9915,16.1288,15.3296,14.6545,14.0499,13.4512,12.8616,12.2910,11.7060,11.0815,10.4706,9.9239,9.4052,8.8729,8.3500,7.8702,7.4466,7.0772,6.7211,6.3473,6.0037,5.7367,5.5059,5.2642,5.0226,4.8017,4.6025,4.4208,4.2532,4.0919,3.9144,3.7099,3.5321,3.4288,3.3609,3.2804,3.1909,3.1052,3.0224,2.9391,2.8556,2.7729,2.6909,2.6094,2.5284,2.4481,2.3685,2.2895,2.2113,2.1338,2.0572,1.9814,1.9064,1.8323,1.7592,1.6870,1.6158,1.5456,1.4765,1.4084,1.3415,1.2757,1.2111,1.1478,1.0857,1.0248,0.9653,0.9072,0.8504,0.7950,0.7411,0.6886,0.6377,0.5883,0.5404,0.4942,0.4497,0.4068,0.3656,0.3261,0.2884,0.2525,0.2185,0.1863,0.1560,0.1277,0.1013,0.0769,0.0545,0.0343,0.0161,0.0000
0.0000,-0.0160,0.0037,0.0615,0.1598,0.3011,0.4877,0.7221,1.0068,1.3441,1.7364,2.1863,2.6960,3.2681,3.9049,4.6089,5.3825,6.2281,7.1481,8.1451,9.2213,10.3792,11.6213,12.9498,14.3674,15.8764,17.4795,19.1783,20.9750,22.8748,24.8809,26.9854,29.1881,31.5295,34.0223,36.5263,39.0059,41.9954,45.8926,49.9789,53.4583,56.3406,58.7699,60.6227,61.7557,62.2152,62.0572,61.1882,59.5366,57.2691,54.5853,51.5783,48.3689,45.2962,42.6485,40.2929,38.0528,36.0001,34.2261,32.6529,31.1916,29.8782,28.7660,27.8507,27.1052,26.4678,25.8880,25.3935,25.0204,24.7597,24.5957,24.5307,24.5561,24.6005,24.6146,24.6986,24.9347,25.1826,25.3096,25.4335,25.6867,26.0087,26.3089,26.5701,26.7974,27.0111,27.2360,27.4988,27.8129,28.1382,28.4357,28.7252,29.0257,29.2955,29.4940,29.6471,29.7896,29.9262,30.0431,30.0804,29.9897,29.8127,29.5946,29.3047,28.9077,28.4254,27.8848,27.2739,26.5802,25.8252,25.0360,24.2253,23.4016,22.5712,21.7442,20.9488,20.2000,19.4406,18.6128,17.7288,16.8287,15.9948,15.2903,14.6596,14.0348,13.4197,12.8244,12.2139,11.5624,10.9249,10.3545,9.8133,9.2579,8.7123,8.2117,7.7697,7.3843,7.0127,6.6227,6.2642,5.9856,5.7448,5.4926,5.2405,5.0101,4.8022,4.6127,4.4377,4.2695,4.0842,3.8709,3.6853,3.5775,3.5067,3.4227,3.3293,3.2399,3.1535,3.0666,2.9795,2.8932,2.8076,2.7226,2.6381,2.5543,2.4712,2.3889,2.3072,2.2264,2.1464,2.0673,1.9891,1.9118,1.8355,1.7602,1.6859,1.6126,1.5405,1.4695,1.3997,1.3311,1.2637,1.1976,1.1328,1.0693,1.0072,0.9465,0.8873,0.8295,0.7732,0.7185,0.6653,0.6138,0.5639,0.5157,0.4692,0.4244,0.3814,0.3402,0.3009,0.2635,0.2280,0.1944,0.1628,0.1332,0.1057,0.0802,0.0569,0.0357,0.0168,0.0000
0.0000,-0.0175,0.0040,0.0673,0.1748,0.3293,0.5334,0.7898,1.1012,1.4701,1.8992,2.3912,2.9487,3.5744,4.2709,5.0409,5.8870,6.8119,7.8182,8.9086,10.0857,11.3521,12.7106,14.1638,15.7142,17.3647,19.1181,20.9761,22.9412,25.0192,27.2133,29.5151,31.9242,34.4851,37.2116,39.9504,42.6624,45.9321,50.1946,54.6640,58.4696,61.6221,64.2791,66.3056,67.5448,68.0473,67.8746,66.9241,65.1176,62.6376,59.7023,56.4134,52.9031,49.5424,46.6465,44.0700,41.6200,39.3748,37.4346,35.7139,34.1155,32.6791,31.4626,30.4615,29.6460,28.9489,28.3148,27.7739,27.3658,27.0807,26.9013,26.8303,26.8580,26.9066,26.9220,27.0139,27.2721,27.5433,27.6822,27.8177,28.0946,28.4468,28.7751,29.0609,29.3094,29.5432,29.7892,30.0765,30.4201,30.7759,31.1013,31.4179,31.7466,32.0417,32.2589,32.4263,32.5821,32.7316,32.8594,32.9002,32.8010,32.6074,32.3689,32.0518,31.6175,31.0901,30.4987,29.8306,29.0718,28.2461,27.3829,26.4962,25.5953,24.6871,23.7825,22.9126,22.0936,21.2630,20.3576,19.3907,18.4062,17.4941,16.7237,16.0338,15.3504,14.6776,14.0265,13.3589,12.6462,11.9491,11.3251,10.7332,10.1258,9.5290,8.9814,8.4980,8.0765,7.6701,7.2435,6.8515,6.5467,6.2833,6.0075,5.7318,5.4797,5.2523,5.0451,4.8537,4.6697,4.4671,4.2338,4.0308,3.9129,3.8354,3.7436,3.6414,3.5436,3.4491,3.3541,3.2588,3.1644,3.0708,2.9778,2.8854,2.7938,2.7029,2.6128,2.5235,2.4351,2.3477,2.2611,2.1756,2.0910,2.0076,1.9252,1.8439,1.7638,1.6849,1.6073,1.5309,1.4559,1.3822,1.3098,1.2390,1.1695,1.1016,1.0352,0.9704,0.9072,0.8457,0.7858,0.7277,0.6713,0.6168,0.5640,0.5131,0.4642,0.4172,0.3721,0.3291,0.2882,0.2493,0.2126,0.1780,0.1457,0.1156,0.0878,0.0623,0.0391,0.0183,0.0000
0.0000,-0.0149,0.0034,0.0572,0.1488,0.2803,0.4541,0.6723,0.9373,1.2513,1.6166,2.0354,2.5100,3.0426,3.6355,4.2909,5.0112,5.7984,6.6550,7.5832,8.5851,9.6632,10.8195,12.0565,13.3762,14.7812,16.2737,17.8553,19.5280,21.2968,23.1645,25.1238,27.1745,29.3544,31.6752,34.0065,36.3151,39.0983,42.7266,46.5311,49.7705,52.4539,54.7156,56.4406,57.4954,57.9232,57.7761,56.9671,55.4294,53.3183,50.8197,48.0201,45.0321,42.1714,39.7064,37.5132,35.4277,33.5166,31.8650,30.4004,29.0398,27.8170,26.7816,25.9294,25.2353,24.6419,24.1021,23.6417,23.2943,23.0516,22.8989,22.8385,22.8620,22.9034,22.9165,22.9948,23.2145,23.4454,23.5636,23.6789,23.9147,24.2145,24.4939,24.7372,24.9488,25.1477,25.3571,25.6017,25.8942,26.1970,26.4741,26.7436,27.0234,27.2745,27.4594,27.6019,27.7345,27.8617,27.9705,28.0053,27.9208,27.7560,27.5530,27.2831,26.9134,26.4645,25.9611,25.3924,24.7465,24.0436,23.3089,22.5541,21.7872,21.0141,20.2441,19.5037,18.8065,18.0995,17.3288,16.5058,15.6677,14.8914,14.2355,13.6483,13.0666,12.4939,11.9397,11.3713,10.7647,10.1713,9.6402,9.1363,8.6192,8.1112,7.6452,7.2337,6.8749,6.5290,6.1658,5.8321,5.5726,5.3485,5.1137,4.8790,4.6645,4.4709,4.2945,4.1316,3.9750,3.8025,3.6039,3.4311,3.3307,3.2648,3.1866,3.0996,3.0164,2.9360,2.8551,2.7740,2.6936,2.6139,2.5348,2.4561,2.3781,2.3007,2.2241,2.1481,2.0728,1.9984,1.9247,1.8519,1.7799,1.7089,1.6387,1.5696,1.5014,1.4342,1.3681,1.3031,1.2393,1.1765,1.1150,1.0546,0.9955,0.9377,0.8812,0.8261,0.7723,0.7199,0.6689,0.6194,0.5714,0.5250,0.4801,0.4368,0.3951,0.3551,0.3168,0.2802,0.2453,0.2122,0.1810,0.1516,0.1240,0.0984,0.0747,0.0530,0.0333,0.0156,0.0000
0.0000,-0.0122,0.0028,0.0470,0.1221,0.2299,0.3725,0.5515,0.7689,1.0265,1.3262,1.6697,2.0591,2.4960,2.9823,3.5200,4.1108,4.7567,5.4594,6.2208,7.0427,7.9271,8.8757,9.8904,10.9730,12.1256,13.3499,14.6474,16.0196,17.4706,19.0027,20.6101,22.2923,24.0806,25.9844,27.8969,29.7907,32.0739,35.0504,38.1713,40.8287,43.0300,44.8854,46.3005,47.1658,47.5167,47.3961,46.7324,45.4710,43.7392,41.6894,39.3928,36.9417,34.5949,32.5727,30.7736,29.0628,27.4950,26.1402,24.9386,23.8225,22.8194,21.9700,21.2709,20.7015,20.2147,19.7719,19.3942,19.1093,18.9102,18.7849,18.7353,18.7546,18.7886,18.7993,18.8635,19.0438,19.2332,19.3302,19.4248,19.6182,19.8641,20.0934,20.2929,20.4665,20.6297,20.8015,21.0021,21.2420,21.4905,21.7177,21.9388,22.1683,22.3744,22.5260,22.6429,22.7517,22.8561,22.9453,22.9739,22.9046,22.7694,22.6028,22.3814,22.0782,21.7099,21.2970,20.8304,20.3005,19.7239,19.1212,18.5020,17.8729,17.2387,16.6071,15.9996,15.4277,14.8477,14.2155,13.5403,12.8529,12.2160,11.6780,11.1962,10.7191,10.2492,9.7946,9.3283,8.8307,8.3439,7.9082,7.4949,7.0707,6.6540,6.2716,5.9341,5.6397,5.3560,5.0581,4.7843,4.5715,4.3876,4.1950,4.0025,3.8264,3.6677,3.5229,3.3893,3.2608,3.1193,2.9564,2.8147,2.7323,2.6782,2.6141,2.5428,2.4745,2.4085,2.3421,2.2756,2.2097,2.1443,2.0794,2.0148,1.9508,1.8874,1.8245,1.7622,1.7004,1.6393,1.5789,1.5192,1.4601,1.4019,1.3443,1.2876,1.2317,1.1766,1.1223,1.0690,1.0166,0.9651,0.9147,0.8652,0.8167,0.7693,0.7229,0.6776,0.6335,0.5905,0.5487,0.5081,0.4688,0.4307,0.3938,0.3583,0.3241,0.2913,0.2599,0.2298,0.2012,0.1741,0.1485,0.1243,0.1017,0.0807,0.0613,0.0435,0.0273,0.0128,0.0000
0.0000,-0.0087,0.0020,0.0335,0.0872,0.1642,0.2660,0.3939,0.5492,0.7331,0.9471,1.1925,1.4705,1.7826,2.1299,2.5139,2.9359,3.3972,3.8990,4.4428,5.0298,5.6614,6.3389,7.0636,7.8368,8.6599,9.5343,10.4609,11.4410,12.4772,13.5715,14.7194,15.9209,17.1980,18.5577,19.9236,21.2761,22.9067,25.0324,27.2614,29.1593,30.7314,32.0565,33.0671,33.6851,33.9357,33.8496,33.3756,32.4747,31.2379,29.7740,28.1338,26.3832,24.7072,23.2630,21.9780,20.7562,19.6365,18.6689,17.8108,17.0137,16.2973,15.6906,15.1914,14.7847,14.4370,14.1208,13.8511,13.6476,13.5054,13.4159,13.3805,13.3943,13.4185,13.4262,13.4720,13.6008,13.7360,13.8053,13.8729,14.0110,14.1866,14.3504,14.4929,14.6169,14.7334,14.8561,14.9994,15.1707,15.3482,15.5105,15.6684,15.8323,15.9795,16.0877,16.1712,16.2489,16.3235,16.3872,16.4076,16.3581,16.2616,16.1426,15.9845,15.7679,15.5049,15.2100,14.8768,14.4983,14.0865,13.6561,13.2139,12.7646,12.3116,11.8605,11.4267,11.0183,10.6040,10.1525,9.6703,9.1793,8.7245,8.3402,7.9962,7.6554,7.3199,6.9951,6.6622,6.3068,5.9591,5.6479,5.3527,5.0498,4.7522,4.4791,4.2380,4.0278,3.8252,3.6124,3.4169,3.2649,3.1335,2.9960,2.8585,2.7328,2.6194,2.5160,2.4206,2.3288,2.2278,2.1114,2.0102,1.9514,1.9128,1.8670,1.8160,1.7672,1.7201,1.6727,1.6252,1.5781,1.5314,1.4851,1.4390,1.3933,1.3479,1.3030,1.2585,1.2144,1.1708,1.1276,1.0850,1.0428,1.0012,0.9601,0.9196,0.8796,0.8403,0.8016,0.7635,0.7260,0.6893,0.6532,0.6179,0.5833,0.5494,0.5163,0.4840,0.4524,0.4218,0.3919,0.3629,0.3348,0.3076,0.2813,0.2559,0.2315,0.2080,0.1856,0.1641,0.1437,0.1243,0.1060,0.0888,0.0727,0.0576,0.0438,0.0310,0.0195,0.0091,0.0000
0.0000,-0.0073,0.0017,0.0280,0.0728,0.1372,0.2222,0.3290,0.4587,0.6124,0.7912,0.9961,1.2284,1.4890,1.7792,2.0999,2.4524,2.8377,3.2569,3.7111,4.2014,4.7290,5.2949,5.9002,6.5461,7.2337,7.9641,8.7381,9.5567,10.4223,11.3363,12.2952,13.2988,14.3656,15.5013,16.6422,17.7720,19.1341,20.9097,22.7716,24.3569,25.6701,26.7769,27.6211,28.1373,28.3467,28.2747,27.8788,27.1262,26.0931,24.8703,23.5003,22.0380,20.6380,19.4317,18.3584,17.3377,16.4025,15.5942,14.8774,14.2116,13.6132,13.1065,12.6894,12.3497,12.0593,11.7952,11.5699,11.3999,11.2811,11.2064,11.1768,11.1883,11.2085,11.2150,11.2533,11.3608,11.4738,11.5316,11.5881,11.7035,11.8502,11.9869,12.1060,12.2095,12.3069,12.4094,12.5291,12.6722,12.8204,12.9560,13.0879,13.2248,13.3477,13.4382,13.5079,13.5728,13.6351,13.6883,13.7053,13.6640,13.5834,13.4840,13.3519,13.1710,12.9513,12.7050,12.4266,12.1105,11.7666,11.4070,11.0376,10.6623,10.2840,9.9072,9.5448,9.2036,8.8576,8.4804,8.0777,7.6675,7.2876,6.9666,6.6792,6.3946,6.1143,5.8431,5.5649,5.2681,4.9777,4.7177,4.4712,4.2181,3.9695,3.7414,3.5400,3.3645,3.1952,3.0175,2.8541,2.7272,2.6175,2.5026,2.3877,2.2827,2.1880,2.1016,2.0219,1.9453,1.8609,1.7637,1.6791,1.6300,1.5977,1.5595,1.5169,1.4762,1.4368,1.3972,1.3575,1.3182,1.2792,1.2405,1.2020,1.1638,1.1259,1.0884,1.0512,1.0144,0.9780,0.9419,0.9063,0.8711,0.8363,0.8020,0.7681,0.7348,0.7019,0.6695,0.6377,0.6065,0.5758,0.5456,0.5161,0.4872,0.4589,0.4313,0.4043,0.3779,0.3523,0.3274,0.3031,0.2797,0.2569,0.2350,0.2138,0.1934,0.1738,0.1550,0.1371,0.1200,0.1039,0.0886,0.0742,0.0607,0.0482,0.0366,0.0259,0.0163,0.0076,0.0000
0.0000,-0.0042,0.0010,0.0161,0.0419,0.0789,0.1278,0.1892,0.2638,0.3522,0.4550,0.5728,0.7064,0.8563,1.0231,1.2076,1.4103,1.6318,1.8729,2.1341,2.4161,2.7195,3.0449,3.3930,3.7644,4.1598,4.5798,5.0249,5.4957,5.9934,6.5190,7.0705,7.6476,8.2610,8.9142,9.5703,10.2199,11.0032,12.0243,13.0950,14.0066,14.7618,15.3983,15.8838,16.1806,16.3010,16.2596,16.0319,15.5992,15.0051,14.3019,13.5140,12.6731,11.8681,11.1743,10.5571,9.9702,9.4324,8.9676,8.5554,8.1725,7.8284,7.5370,7.2972,7.1018,6.9348,6.7829,6.6534,6.5556,6.4873,6.4443,6.4273,6.4339,6.4456,6.4493,6.4713,6.5331,6.5981,6.6314,6.6638,6.7302,6.8145,6.8932,6.9616,7.0212,7.0772,7.1361,7.2050,7.2873,7.3725,7.4504,7.5263,7.6050,7.6757,7.7277,7.7678,7.8052,7.8410,7.8716,7.8814,7.8576,7.8112,7.7541,7.6781,7.5741,7.4477,7.3061,7.1460,6.9643,6.7665,6.5597,6.3473,6.1315,5.9139,5.6972,5.4888,5.2926,5.0936,4.8768,4.6451,4.4093,4.1908,4.0062,3.8410,3.6773,3.5161,3.3601,3.2002,3.0295,2.8624,2.7130,2.5712,2.4257,2.2827,2.1515,2.0357,1.9348,1.8374,1.7352,1.6413,1.5683,1.5052,1.4391,1.3731,1.3127,1.2582,1.2086,1.1627,1.1187,1.0701,1.0142,0.9656,0.9373,0.9188,0.8968,0.8723,0.8489,0.8263,0.8035,0.7807,0.7580,0.7356,0.7133,0.6912,0.6693,0.6475,0.6259,0.6045,0.5833,0.5624,0.5417,0.5212,0.5009,0.4809,0.4612,0.4417,0.4225,0.4036,0.3850,0.3667,0.3488,0.3311,0.3138,0.2968,0.2802,0.2639,0.2480,0.2325,0.2173,0.2026,0.1883,0.1743,0.1608,0.1477,0.1351,0.1229,0.1112,0.0999,0.0891,0.0788,0.0690,0.0597,0.0509,0.0427,0.0349,0.0277,0.0210,0.0149,0.0094,0.0044,0.0000
0.0000,-0.0046,0.0011,0.0177,0.0459,0.0865,0.1401,0.2075,0.2892,0.3861,0.4988,0.6281,0.7745,0.9389,1.1218,1.3241,1.5463,1.7892,2.0535,2.3399,2.6491,2.9818,3.3386,3.7203,4.1275,4.5610,5.0216,5.5096,6.0258,6.5715,7.1479,7.7525,8.3852,9.0579,9.7740,10.4934,11.2057,12.0646,13.1841,14.3581,15.3577,16.1857,16.8836,17.4159,17.7414,17.8734,17.8280,17.5783,17.1038,16.4524,15.6814,14.8176,13.8956,13.0128,12.2522,11.5754,10.9319,10.3422,9.8326,9.3806,8.9608,8.5835,8.2640,8.0010,7.7868,7.6037,7.4372,7.2951,7.1879,7.1130,7.0659,7.0473,7.0545,7.0673,7.0713,7.0955,7.1633,7.2345,7.2710,7.3066,7.3794,7.4719,7.5581,7.6331,7.6984,7.7598,7.8245,7.8999,7.9902,8.0836,8.1691,8.2523,8.3386,8.4161,8.4731,8.5171,8.5580,8.5973,8.6309,8.6416,8.6155,8.5647,8.5020,8.4188,8.3047,8.1661,8.0108,7.8353,7.6360,7.4191,7.1924,6.9595,6.7229,6.4843,6.2467,6.0182,5.8031,5.5850,5.3472,5.0932,4.8346,4.5950,4.3927,4.2114,4.0320,3.8552,3.6842,3.5088,3.3217,3.1385,2.9747,2.8192,2.6596,2.5029,2.3591,2.2321,2.1214,2.0146,1.9026,1.7996,1.7196,1.6504,1.5779,1.5055,1.4393,1.3796,1.3251,1.2749,1.2266,1.1733,1.1120,1.0587,1.0278,1.0074,0.9833,0.9565,0.9308,0.9060,0.8810,0.8560,0.8312,0.8066,0.7822,0.7579,0.7338,0.7099,0.6863,0.6628,0.6396,0.6166,0.5939,0.5714,0.5492,0.5273,0.5057,0.4843,0.4633,0.4426,0.4222,0.4021,0.3824,0.3630,0.3440,0.3254,0.3072,0.2894,0.2719,0.2549,0.2383,0.2221,0.2064,0.1911,0.1763,0.1620,0.1481,0.1348,0.1219,0.1096,0.0977,0.0865,0.0757,0.0655,0.0558,0.0468,0.0383,0.0304,0.0231,0.0164,0.0103,0.0048,0.0000
0.0000,-0.0018,0.0004,0.0070,0.0182,0.0343,0.0556,0.0824,0.1149,0.1533,0.1981,0.2494,0.3076,0.3728,0.4455,0.5258,0.6140,0.7105,0.8155,0.9292,1.0520,1.1841,1.3257,1.4773,1.6390,1.8112,1.9941,2.1879,2.3928,2.6096,2.8384,3.0785,3.3298,3.5969,3.8812,4.1669,4.4498,4.7908,5.2354,5.7016,6.0985,6.4273,6.7045,6.9158,7.0451,7.0975,7.0795,6.9803,6.7919,6.5332,6.2271,5.8840,5.5179,5.1674,4.8653,4.5966,4.3411,4.1069,3.9045,3.7250,3.5583,3.4085,3.2816,3.1772,3.0921,3.0194,2.9533,2.8969,2.8543,2.8246,2.8059,2.7985,2.8013,2.8064,2.8080,2.8176,2.8445,2.8728,2.8873,2.9014,2.9303,2.9671,3.0013,3.0311,3.0570,3.0814,3.1071,3.1370,3.1729,3.2100,3.2439,3.2770,3.3112,3.3420,3.3647,3.3821,3.3984,3.4140,3.4273,3.4316,3.4212,3.4010,3.3761,3.3431,3.2978,3.2428,3.1811,3.1114,3.0323,2.9461,2.8561,2.7636,2.6696,2.5749,2.4806,2.3898,2.3044,2.2178,2.1233,2.0225,1.9198,1.8247,1.7443,1.6724,1.6011,1.5309,1.4630,1.3934,1.3190,1.2463,1.1812,1.1195,1.0561,0.9939,0.9368,0.8864,0.8424,0.8000,0.7555,0.7146,0.6828,0.6554,0.6266,0.5978,0.5715,0.5478,0.5262,0.5063,0.4871,0.4659,0.4416,0.4204,0.4081,0.4000,0.3905,0.3798,0.3696,0.3598,0.3498,0.3399,0.3301,0.3203,0.3106,0.3010,0.2914,0.2819,0.2725,0.2632,0.2540,0.2449,0.2358,0.2269,0.2181,0.2094,0.2008,0.1923,0.1840,0.1757,0.1676,0.1597,0.1518,0.1442,0.1366,0.1292,0.1220,0.1149,0.1080,0.1012,0.0946,0.0882,0.0820,0.0759,0.0700,0.0643,0.0588,0.0535,0.0484,0.0435,0.0388,0.0343,0.0301,0.0260,0.0222,0.0186,0.0152,0.0121,0.0092,0.0065,0.0041,0.0019,0.0000
0.0000,-0.0007,0.0002,0.0026,0.0067,0.0126,0.0204,0.0302,0.0421,0.0561,0.0725,0.0913,0.1126,0.1365,0.1631,0.1925,0.2248,0.2601,0.2986,0.3402,0.3852,0.4335,0.4854,0.5409,0.6001,0.6632,0.7301,0.8011,0.8761,0.9555,1.0393,1.1272,1.2192,1.3170,1.4211,1.5257,1.6293,1.7541,1.9169,2.0876,2.2329,2.3533,2.4548,2.5322,2.5795,2.5987,2.5921,2.5558,2.4868,2.3921,2.2800,2.1544,2.0204,1.8920,1.7814,1.6830,1.5895,1.5037,1.4296,1.3639,1.3029,1.2480,1.2016,1.1633,1.1322,1.1056,1.0813,1.0607,1.0451,1.0342,1.0274,1.0246,1.0257,1.0276,1.0281,1.0317,1.0415,1.0519,1.0572,1.0624,1.0729,1.0864,1.0989,1.1098,1.1193,1.1282,1.1376,1.1486,1.1617,1.1753,1.1878,1.1998,1.2124,1.2237,1.2320,1.2384,1.2443,1.2500,1.2549,1.2565,1.2527,1.2453,1.2362,1.2241,1.2075,1.1873,1.1647,1.1392,1.1102,1.0787,1.0457,1.0119,0.9775,0.9428,0.9082,0.8750,0.8438,0.8120,0.7775,0.7405,0.7029,0.6681,0.6387,0.6123,0.5862,0.5605,0.5357,0.5102,0.4830,0.4563,0.4325,0.4099,0.3867,0.3639,0.3430,0.3245,0.3084,0.2929,0.2766,0.2617,0.2500,0.2400,0.2294,0.2189,0.2093,0.2006,0.1927,0.1854,0.1783,0.1706,0.1617,0.1539,0.1494,0.1465,0.1430,0.1391,0.1353,0.1317,0.1281,0.1245,0.1208,0.1173,0.1137,0.1102,0.1067,0.1032,0.0998,0.0964,0.0930,0.0897,0.0864,0.0831,0.0799,0.0767,0.0735,0.0704,0.0674,0.0643,0.0614,0.0585,0.0556,0.0528,0.0500,0.0473,0.0447,0.0421,0.0395,0.0371,0.0346,0.0323,0.0300,0.0278,0.0256,0.0236,0.0215,0.0196,0.0177,0.0159,0.0142,0.0126,0.0110,0.0095,0.0081,0.0068,0.0056,0.0044,0.0034,0.0024,0.0015,0.0007,0.0000
0.0000,-0.0003,0.0001,0.0012,0.0032,0.0060,0.0097,0.0144,0.0200,0.0268,0.0346,0.0435,0.0537,0.0650,0.0777,0.0917,0.1071,0.1240,0.1423,0.1621,0.1835,0.2066,0.2313,0.2578,0.2860,0.3160,0.3479,0.3817,0.4175,0.4553,0.4952,0.5371,0.5810,0.6276,0.6772,0.7270,0.7764,0.8359,0.9135,0.9948,1.0641,1.1214,1.1698,1.2067,1.2292,1.2383,1.2352,1.2179,1.1850,1.1399,1.0865,1.0266,0.9627,0.9016,0.8489,0.8020,0.7574,0.7166,0.6812,0.6499,0.6208,0.5947,0.5726,0.5543,0.5395,0.5268,0.5153,0.5054,0.4980,0.4928,0.4896,0.4883,0.4888,0.4897,0.4899,0.4916,0.4963,0.5012,0.5038,0.5062,0.5113,0.5177,0.5237,0.5289,0.5334,0.5376,0.5421,0.5473,0.5536,0.5601,0.5660,0.5718,0.5777,0.5831,0.5871,0.5901,0.5929,0.5957,0.5980,0.5987,0.5969,0.5934,0.5891,0.5833,0.5754,0.5658,0.5550,0.5429,0.5291,0.5140,0.4983,0.4822,0.4658,0.4493,0.4328,0.4170,0.4021,0.3870,0.3705,0.3529,0.3350,0.3184,0.3043,0.2918,0.2794,0.2671,0.2553,0.2431,0.2301,0.2175,0.2061,0.1953,0.1843,0.1734,0.1634,0.1546,0.1470,0.1396,0.1318,0.1247,0.1191,0.1143,0.1093,0.1043,0.0997,0.0956,0.0918,0.0883,0.0850,0.0813,0.0770,0.0734,0.0712,0.0698,0.0681,0.0663,0.0645,0.0628,0.0610,0.0593,0.0576,0.0559,0.0542,0.0525,0.0508,0.0492,0.0475,0.0459,0.0443,0.0427,0.0411,0.0396,0.0381,0.0365,0.0350,0.0336,0.0321,0.0307,0.0292,0.0279,0.0265,0.0252,0.0238,0.0225,0.0213,0.0200,0.0188,0.0177,0.0165,0.0154,0.0143,0.0132,0.0122,0.0112,0.0103,0.0093,0.0084,0.0076,0.0068,0.0060,0.0052,0.0045,0.0039,0.0032,0.0027,0.0021,0.0016,0.0011,0.0007,0.0003,0.0000
0.0000,-0.0000,0.0000,0.0000,0.0000,0.0000,0.0000,0.0000,0.0000,0.0000,0.0000,0.0000,0.0000,0.0000,0.0000,0.0000,0.0000,0.0000,0.0000,0.0000,0.0000,0.0000,0.0000,0.0000,0.0000,0.0000,0.0000,0.0000,0.0000,0.0000,0.0000,0.0000,0.0000,0.0000,0.0000,0.0000,0.0000,0.0000,0.0000,0.0000,0.0000,0.0000,0.0000,0.0000,0.0000,0.0000,0.0000,0.0000,0.0000,0.0000,0.0000,0.0000,0.0000,0.0000,0.0000,0.0000,0.0000,0.0000,0.0000,0.0000,0.0000,0.0000,0.0000,0.0000,0.0000,0.0000,0.0000,0.0000,0.0000,0.0000,0.0000,0.0000,0.0000,0.0000,0.0000,0.0000,0.0000,0.0000,0.0000,0.0000,0.0000,0.0000,0.0000,0.0000,0.0000,0.0000,0.0000,0.0000,0.0000,0.0000,0.0000,0.0000,0.0000,0.0000,0.0000,0.0000,0.0000,0.0000,0.0000,0.0000,0.0000,0.0000,0.0000,0.0000,0.0000,0.0000,0.0000,0.0000,0.0000,0.0000,0.0000,0.0000,0.0000,0.0000,0.0000,0.0000,0.0000,0.0000,0.0000,0.0000,0.0000,0.0000,0.0000,0.0000,0.0000,0.0000,0.0000,0.0000,0.0000,0.0000,0.0000,0.0000,0.0000,0.0000,0.0000,0.0000,0.0000,0.0000,0.0000,0.0000,0.0000,0.0000,0.0000,0.0000,0.0000,0.0000,0.0000,0.0000,0.0000,0.0000,0.0000,0.0000,0.0000,0.0000,0.0000,0.0000,0.0000,0.0000,0.0000,0.0000,0.0000,0.0000,0.0000,0.0000,0.0000,0.0000,0.0000,0.0000,0.0000,0.0000,0.0000,0.0000,0.0000,0.0000,0.0000,0.0000,0.0000,0.0000,0.0000,0.0000,0.0000,0.0000,0.0000,0.0000,0.0000,0.0000,0.0000,0.0000,0.0000,0.0000,0.0000,0.0000,0.0000,0.0000,0.0000,0.0000,0.0000,0.0000,0.0000,0.0000,0.0000,0.0000,0.0000,0.0000,0.0000,0.0000,0.0000,0.0000,0.0000,0.0000,0.0000
0.0000,-0.0000,0.0000,0.0000,0.0000,0.0000,0.0000,0.0000,0.0000,0.0000,0.0000,0.0000,0.0000,0.0000,0.0000,0.0000,0.0000,0.0000,0.0000,0.0000,0.0000,0.0000,0.0000,0.0000,0.0000,0.0000,0.0000,0.0000,0.0000,0.0000,0.0000,0.0000,0.0000,0.0000,0.0000,0.0000,0.0000,0.0000,0.0000,0.0000,0.0000,0.0000,0.0000,0.0000,0.0000,0.0000,0.0000,0.0000,0.0000,0.0000,0.0000,0.0000,0.0000,0.0000,0.0000,0.0000,0.0000,0.0000,0.0000,0.0000,0.0000,0.0000,0.0000,0.0000,0.0000,0.0000,0.0000,0.0000,0.0000,0.0000,0.0000,0.0000,0.0000,0.0000,0.0000,0.0000,0.0000,0.0000,0.0000,0.0000,0.0000,0.0000,0.0000,0.0000,0.0000,0.0000,0.0000,0.0000,0.0000,0.0000,0.0000,0.0000,0.0000,0.0000,0.0000,0.0000,0.0000,0.0000,0.0000,0.0000,0.0000,0.0000,0.0000,0.0000,0.0000,0.0000,0.0000,0.0000,0.0000,0.0000,0.0000,0.0000,0.0000,0.0000,0.0000,0.0000,0.0000,0.0000,0.0000,0.0000,0.0000,0.0000,0.0000,0.0000,0.0000,0.0000,0.0000,0.0000,0.0000,0.0000,0.0000,0.0000,0.0000,0.0000,0.0000,0.0000,0.0000,0.0000,0.0000,0.0000,0.0000,0.0000,0.0000,0.0000,0.0000,0.0000,0.0000,0.0000,0.0000,0.0000,0.0000,0.0000,0.0000,0.0000,0.0000,0.0000,0.0000,0.0000,0.0000,0.0000,0.0000,0.0000,0.0000,0.0000,0.0000,0.0000,0.0000,0.0000,0.0000,0.0000,0.0000,0.0000,0.0000,0.0000,0.0000,0.0000,0.0000,0.0000,0.0000,0.0000,0.0000,0.0000,0.0000,0.0000,0.0000,0.0000,0.0000,0.0000,0.0000,0.0000,0.0000,0.0000,0.0000,0.0000,0.0000,0.0000,0.0000,0.0000,0.0000,0.0000,0.0000,0.0000,0.0000,0.0000,0.0000,0.0000,0.0000,0.0000,0.0000,0.0000,0.0000
0.0000,-0.0000,0.0000,0.0000,0.0000,0.0000,0.0000,0.0000,0.0000,0.0000,0.0000,0.0000,0.0000,0.0000,0.0000,0.0000,0.0000,0.0000,0.0000,0.0000,0.0000,0.0000,0.0000,0.0000,0.0000,0.0000,0.0000,0.0000,0.0000,0.0000,0.0000,0.0000,0.0000,0.0000,0.0000,0.0000,0.0000,0.0000,0.0000,0.0000,0.0000,0.0000,0.0000,0.0000,0.0000,0.0000,0.0000,0.0000,0.0000,0.0000,0.0000,0.0000,0.0000,0.0000,0.0000,0.0000,0.0000,0.0000,0.0000,0.0000,0.0000,0.0000,0.0000,0.0000,0.0000,0.0000,0.0000,0.0000,0.0000,0.0000,0.0000,0.0000,0.0000,0.0000,0.0000,0.0000,0.0000,0.0000,0.0000,0.0000,0.0000,0.0000,0.0000,0.0000,0.0000,0.0000,0.0000,0.0000,0.0000,0.0000,0.0000,0.0000,0.0000,0.0000,0.0000,0.0000,0.0000,0.0000,0.0000,0.0000,0.0000,0.0000,0.0000,0.0000,0.0000,0.0000,0.0000,0.0000,0.0000,0.0000,0.0000,0.0000,0.0000,0.0000,0.0000,0.0000,0.0000,0.0000,0.0000,0.0000,0.0000,0.0000,0.0000,0.0000,0.0000,0.0000,0.0000,0.0000,0.0000,0.0000,0.0000,0.0000,0.0000,0.0000,0.0000,0.0000,0.0000,0.0000,0.0000,0.0000,0.0000,0.0000,0.0000,0.0000,0.0000,0.0000,0.0000,0.0000,0.0000,0.0000,0.0000,0.0000,0.0000,0.0000,0.0000,0.0000,0.0000,0.0000,0.0000,0.0000,0.0000,0.0000,0.0000,0.0000,0.0000,0.0000,0.0000,0.0000,0.0000,0.0000,0.0000,0.0000,0.0000,0.0000,0.0000,0.0000,0.0000,0.0000,0.0000,0.0000,0.0000,0.0000,0.0000,0.0000,0.0000,0.0000,0.0000,0.0000,0.0000,0.0000,0.0000,0.0000,0.0000,0.0000,0.0000,0.0000,0.0000,0.0000,0.0000,0.0000,0.0000,0.0000,0.0000,0.0000,0.0000,0.0000,0.0000,0.0000,0.0000,0.0000,0.0000
0.0000,-0.0000,0.0000,0.0000,0.0000,0.0000,0.0000,0.0000,0.0000,0.0000,0.0000,0.0000,0.0000,0.0000,0.0000,0.0000,0.0000,0.0000,0.0000,0.0000,0.0000,0.0000,0.0000,0.0000,0.0000,0.0000,0.0000,0.0000,0.0000,0.0000,0.0000,0.0000,0.0000,0.0000,0.0000,0.0000,0.0000,0.0000,0.0000,0.0000,0.0000,0.0000,0.0000,0.0000,0.0000,0.0000,0.0000,0.0000,0.0000,0.0000,0.0000,0.0000,0.0000,0.0000,0.0000,0.0000,0.0000,0.0000,0.0000,0.0000,0.0000,0.0000,0.0000,0.0000,0.0000,0.0000,0.0000,0.0000,0.0000,0.0000,0.0000,0.0000,0.0000,0.0000,0.0000,0.0000,0.0000,0.0000,0.0000,0.0000,0.0000,0.0000,0.0000,0.0000,0.0000,0.0000,0.0000,0.0000,0.0000,0.0000,0.0000,0.0000,0.0000,0.0000,0.0000,0.0000,0.0000,0.0000,0.0000,0.0000,0.0000,0.0000,0.0000,0.0000,0.0000,0.0000,0.0000,0.0000,0.0000,0.0000,0.0000,0.0000,0.0000,0.0000,0.0000,0.0000,0.0000,0.0000,0.0000,0.0000,0.0000,0.0000,0.0000,0.0000,0.0000,0.0000,0.0000,0.0000,0.0000,0.0000,0.0000,0.0000,0.0000,0.0000,0.0000,0.0000,0.0000,0.0000,0.0000,0.0000,0.0000,0.0000,0.0000,0.0000,0.0000,0.0000,0.0000,0.0000,0.0000,0.0000,0.0000,0.0000,0.0000,0.0000,0.0000,0.0000,0.0000,0.0000,0.0000,0.0000,0.0000,0.0000,0.0000,0.0000,0.0000,0.0000,0.0000,0.0000,0.0000,0.0000,0.0000,0.0000,0.0000,0.0000,0.0000,0.0000,0.0000,0.0000,0.0000,0.0000,0.0000,0.0000,0.0000,0.0000,0.0000,0.0000,0.0000,0.0000,0.0000,0.0000,0.0000,0.0000,0.0000,0.0000,0.0000,0.0000,0.0000,0.0000,0.0000,0.0000,0.0000,0.0000,0.0000,0.0000,0.0000,0.0000,0.0000,0.0000,0.0000,0.0000,0.0000
0.0000,-0.0000,0.0000,0.0000,0.0000,0.0000,0.0000,0.0000,0.0000,0.0000,0.0000,0.0000,0.0000,0.0000,0.0000,0.0000,0.0000,0.0000,0.0000,0.0000,0.0000,0.0000,0.0000,0.0000,0.0000,0.0000,0.0000,0.0000,0.0000,0.0000,0.0000,0.0000,0.0000,0.0000,0.0000,0.0000,0.0000,0.0000,0.0000,0.0000,0.0000,0.0000,0.0000,0.0000,0.0000,0.0000,0.0000,0.0000,0.0000,0.0000,0.0000,0.0000,0.0000,0.0000,0.0000,0.0000,0.0000,0.0000,0.0000,0.0000,0.0000,0.0000,0.0000,0.0000,0.0000,0.0000,0.0000,0.0000,0.0000,0.0000,0.0000,0.0000,0.0000,0.0000,0.0000,0.0000,0.0000,0.0000,0.0000,0.0000,0.0000,0.0000,0.0000,0.0000,0.0000,0.0000,0.0000,0.0000,0.0000,0.0000,0.0000,0.0000,0.0000,0.0000,0.0000,0.0000,0.0000,0.0000,0.0000,0.0000,0.0000,0.0000,0.0000,0.0000,0.0000,0.0000,0.0000,0.0000,0.0000,0.0000,0.0000,0.0000,0.0000,0.0000,0.0000,0.0000,0.0000,0.0000,0.0000,0.0000,0.0000,0.0000,0.0000,0.0000,0.0000,0.0000,0.0000,0.0000,0.0000,0.0000,0.0000,0.0000,0.0000,0.0000,0.0000,0.0000,0.0000,0.0000,0.0000,0.0000,0.0000,0.0000,0.0000,0.0000,0.0000,0.0000,0.0000,0.0000,0.0000,0.0000,0.0000,0.0000,0.0000,0.0000,0.0000,0.0000,0.0000,0.0000,0.0000,0.0000,0.0000,0.0000,0.0000,0.0000,0.0000,0.0000,0.0000,0.0000,0.0000,0.0000,0.0000,0.0000,0.0000,0.0000,0.0000,0.0000,0.0000,0.0000,0.0000,0.0000,0.0000,0.0000,0.0000,0.0000,0.0000,0.0000,0.0000,0.0000,0.0000,0.0000,0.0000,0.0000,0.0000,0.0000,0.0000,0.0000,0.0000,0.0000,0.0000,0.0000,0.0000,0.0000,0.0000,0.0000,0.0000,0.0000,0.0000,0.0000,0.0000,0.0000,0.0000
0.0000,-0.0000,0.0000,0.0000,0.0000,0.0000,0.0000,0.0000,0.0000,0.0000,0.0000,0.0000,0.0000,0.0000,0.0000,0.0000,0.0000,0.0000,0.0000,0.0000,0.0000,0.0000,0.0000,0.0000,0.0000,0.0000,0.0000,0.0000,0.0000,0.0000,0.0000,0.0000,0.0000,0.0000,0.0000,0.0000,0.0000,0.0000,0.0000,0.0000,0.0000,0.0000,0.0000,0.0000,0.0000,0.0000,0.0000,0.0000,0.0000,0.0000,0.0000,0.0000,0.0000,0.0000,0.0000,0.0000,0.0000,0.0000,0.0000,0.0000,0.0000,0.0000,0.0000,0.0000,0.0000,0.0000,0.0000,0.0000,0.0000,0.0000,0.0000,0.0000,0.0000,0.0000,0.0000,0.0000,0.0000,0.0000,0.0000,0.0000,0.0000,0.0000,0.0000,0.0000,0.0000,0.0000,0.0000,0.0000,0.0000,0.0000,0.0000,0.0000,0.0000,0.0000,0.0000,0.0000,0.0000,0.0000,0.0000,0.0000,0.0000,0.0000,0.0000,0.0000,0.0000,0.0000,0.0000,0.0000,0.0000,0.0000,0.0000,0.0000,0.0000,0.0000,0.0000,0.0000,0.0000,0.0000,0.0000,0.0000,0.0000,0.0000,0.0000,0.0000,0.0000,0.0000,0.0000,0.0000,0.0000,0.0000,0.0000,0.0000,0.0000,0.0000,0.0000,0.0000,0.0000,0.0000,0.0000,0.0000,0.0000,0.0000,0.0000,0.0000,0.0000,0.0000,0.0000,0.0000,0.0000,0.0000,0.0000,0.0000,0.0000,0.0000,0.0000,0.0000,0.0000,0.0000,0.0000,0.0000,0.0000,0.0000,0.0000,0.0000,0.0000,0.0000,0.0000,0.0000,0.0000,0.0000,0.0000,0.0000,0.0000,0.0000,0.0000,0.0000,0.0000,0.0000,0.0000,0.0000,0.0000,0.0000,0.0000,0.0000,0.0000,0.0000,0.0000,0.0000,0.0000,0.0000,0.0000,0.0000,0.0000,0.0000,0.0000,0.0000,0.0000,0.0000,0.0000,0.0000,0.0000,0.0000,0.0000,0.0000,0.0000,0.0000,0.0000,0.0000,0.0000,0.0000,0.0000
0.0000,-0.0000,0.0000,0.0000,0.0000,0.0000,0.0000,0.0000,0.0000,0.0000,0.0000,0.0000,0.0000,0.0000,0.0000,0.0000,0.0000,0.0000,0.0000,0.0000,0.0000,0.0000,0.0000,0.0000,0.0000,0.0000,0.0000,0.0000,0.0000,0.0000,0.0000,0.0000,0.0000,0.0000,0.0000,0.0000,0.0000,0.0000,0.0000,0.0000,0.0000,0.0000,0.0000,0.0000,0.0000,0.0000,0.0000,0.0000,0.0000,0.0000,0.0000,0.0000,0.0000,0.0000,0.0000,0.0000,0.0000,0.0000,0.0000,0.0000,0.0000,0.0000,0.0000,0.0000,0.0000,0.0000,0.0000,0.0000,0.0000,0.0000,0.0000,0.0000,0.0000,0.0000,0.0000,0.0000,0.0000,0.0000,0.0000,0.0000,0.0000,0.0000,0.0000,0.0000,0.0000,0.0000,0.0000,0.0000,0.0000,0.0000,0.0000,0.0000,0.0000,0.0000,0.0000,0.0000,0.0000,0.0000,0.0000,0.0000,0.0000,0.0000,0.0000,0.0000,0.0000,0.0000,0.0000,0.0000,0.0000,0.0000,0.0000,0.0000,0.0000,0.0000,0.0000,0.0000,0.0000,0.0000,0.0000,0.0000,0.0000,0.0000,0.0000,0.0000,0.0000,0.0000,0.0000,0.0000,0.0000,0.0000,0.0000,0.0000,0.0000,0.0000,0.0000,0.0000,0.0000,0.0000,0.0000,0.0000,0.0000,0.0000,0.0000,0.0000,0.0000,0.0000,0.0000,0.0000,0.0000,0.0000,0.0000,0.0000,0.0000,0.0000,0.0000,0.0000,0.0000,0.0000,0.0000,0.0000,0.0000,0.0000,0.0000,0.0000,0.0000,0.0000,0.0000,0.0000,0.0000,0.0000,0.0000,0.0000,0.0000,0.0000,0.0000,0.0000,0.0000,0.0000,0.0000,0.0000,0.0000,0.0000,0.0000,0.0000,0.0000,0.0000,0.0000,0.0000,0.0000,0.0000,0.0000,0.0000,0.0000,0.0000,0.0000,0.0000,0.0000,0.0000,0.0000,0.0000,0.0000,0.0000,0.0000,0.0000,0.0000,0.0000,0.0000,0.0000,0.0000,0.0000,0.0000
