# hemispherically integrated fluorescence per simulation for wavelengths of 640 to 850 nm, with 1 nm resolution 
# W m-2 um-1 
0.0000,0.0000,0.0000,0.0000,0.0000,0.0000,0.0000,0.0000,0.0000,0.0000,0.0000,0.0000,0.0000,0.0000,0.0000,0.0000,0.0000,0.0000,0.0000,0.0000,0.0000,0.0000,0.0000,0.0000,0.0000,0.0000,0.0000,0.0000,0.0000,0.0000,0.0000,0.0000,0.0000,0.0000,0.0000,0.0000,0.0000,0.0000,0.0000,0.0000,0.0000,0.0000,0.0000,0.0000,0.0000,0.0000,0.0000,0.0000,0.0000,0.0000,0.0000,0.0000,0.0000,0.0000,0.0000,0.0000,0.0000,0.0000,0.0000,0.0000,0.0000,0.0000,0.0000,0.0000,0.0000,0.0000,0.0000,0.0000,0.0000,0.0000,0.0000,0.0000,0.0000,0.0000,0.0000,0.0000,0.0000,0.0000,0.0000,0.0000,0.0000,0.0000,0.0000,0.0000,0.0000,0.0000,0.0000,0.0000,0.0000,0.0000,0.0000,0.0000,0.0000,0.0000,0.0000,0.0000,0.0000,0.0000,0.0000,0.0000,0.0000,0.0000,0.0000,0.0000,0.0000,0.0000,0.0000,0.0000,0.0000,0.0000,0.0000,0.0000,0.0000,0.0000,0.0000,0.0000,0.0000,0.0000,0.0000,0.0000,0.0000,0.0000,0.0000,0.0000,0.0000,0.0000,0.0000,0.0000,0.0000,0.0000,0.0000,0.0000,0.0000,0.0000,0.0000,0.0000,0.0000,0.0000,0.0000,0.0000,0.0000,0.0000,0.0000,0.0000,0.0000,0.0000,0.0000,0.0000,0.0000,0.0000,0.0000,0.0000,0.0000,0.0000,0.0000,0.0000,0.0000,0.0000,0.0000,0.0000,0.0000,0.0000,0.0000,0.0000,0.0000,0.0000,0.0000,0.0000,0.0000,0.0000,0.0000,0.0000,0.0000,0.0000,0.0000,0.0000,0.0000,0.0000,0.0000,0.0000,0.0000,0.0000,0.0000,0.0000,0.0000,0.0000,0.0000,0.0000,0.0000,0.0000,0.0000,0.0000,0.0000,0.0000,0.0000,0.0000,0.0000,0.0000,0.0000,0.0000,0.0000,0.0000,0.0000,0.0000,0.0000,0.0000,0.0000,0.0000,0.0000,0.0000,0.0000
0.0000,0.0000,0.0000,0.0000,0.0000,0.0000,0.0000,0.0000,0.0000,0.0000,0.0000,0.0000,0.0000,0.0000,0.0000,0.0000,0.0000,0.0000,0.0000,0.0000,0.0000,0.0000,0.0000,0.0000,0.0000,0.0000,0.0000,0.0000,0.0000,0.0000,0.0000,0.0000,0.0000,0.0000,0.0000,0.0000,0.0000,0.0000,0.0000,0.0000,0.0000,0.0000,0.0000,0.0000,0.0000,0.0000,0.0000,0.0000,0.0000,0.0000,0.0000,0.0000,0.0000,0.0000,0.0000,0.0000,0.0000,0.0000,0.0000,0.0000,0.0000,0.0000,0.0000,0.0000,0.0000,0.0000,0.0000,0.0000,0.0000,0.0000,0.0000,0.0000,0.0000,0.0000,0.0000,0.0000,0.0000,0.0000,0.0000,0.0000,0.0000,0.0000,0.0000,0.0000,0.0000,0.0000,0.0000,0.0000,0.0000,0.0000,0.0000,0.0000,0.0000,0.0000,0.0000,0.0000,0.0000,0.0000,0.0000,0.0000,0.0000,0.0000,0.0000,0.0000,0.0000,0.0000,0.0000,0.0000,0.0000,0.0000,0.0000,0.0000,0.0000,0.0000,0.0000,0.0000,0.0000,0.0000,0.0000,0.0000,0.0000,0.0000,0.0000,0.0000,0.0000,0.0000,0.0000,0.0000,0.0000,0.0000,0.0000,0.0000,0.0000,0.0000,0.0000,0.0000,0.0000,0.0000,0.0000,0.0000,0.0000,0.0000,0.0000,0.0000,0.0000,0.0000,0.0000,0.0000,0.0000,0.0000,0.0000,0.0000,0.0000,0.0000,0.0000,0.0000,0.0000,0.0000,0.0000,0.0000,0.0000,0.0000,0.0000,0.0000,0.0000,0.0000,0.0000,0.0000,0.0000,0.0000,0.0000,0.0000,0.0000,0.0000,0.0000,0.0000,0.0000,0.0000,0.0000,0.0000,0.0000,0.0000,0.0000,0.0000,0.0000,0.0000,0.0000,0.0000,0.0000,0.0000,0.0000,0.0000,0.0000,0.0000,0.0000,0.0000,0.0000,0.0000,0.0000,0.0000,0.0000,0.0000,0.0000,0.0000,0.0000,0.0000,0.0000,0.0000,0.0000,0.0000,0.0000
0.0000,0.0000,0.0000,0.0000,0.0000,0.0000,0.0000,0.0000,0.0000,0.0000,0.0000,0.0000,0.0000,0.0000,0.0000,0.0000,0.0000,0.0000,0.0000,0.0000,0.0000,0.0000,0.0000,0.0000,0.0000,0.0000,0.0000,0.0000,0.0000,0.0000,0.0000,0.0000,0.0000,0.0000,0.0000,0.0000,0.0000,0.0000,0.0000,0.0000,0.0000,0.0000,0.0000,0.0000,0.0000,0.0000,0.0000,0.0000,0.0000,0.0000,0.0000,0.0000,0.0000,0.0000,0.0000,0.0000,0.0000,0.0000,0.0000,0.0000,0.0000,0.0000,0.0000,0.0000,0.0000,0.0000,0.0000,0.0000,0.0000,0.0000,0.0000,0.0000,0.0000,0.0000,0.0000,0.0000,0.0000,0.0000,0.0000,0.0000,0.0000,0.0000,0.0000,0.0000,0.0000,0.0000,0.0000,0.0000,0.0000,0.0000,0.0000,0.0000,0.0000,0.0000,0.0000,0.0000,0.0000,0.0000,0.0000,0.0000,0.0000,0.0000,0.0000,0.0000,0.0000,0.0000,0.0000,0.0000,0.0000,0.0000,0.0000,0.0000,0.0000,0.0000,0.0000,0.0000,0.0000,0.0000,0.0000,0.0000,0.0000,0.0000,0.0000,0.0000,0.0000,0.0000,0.0000,0.0000,0.0000,0.0000,0.0000,0.0000,0.0000,0.0000,0.0000,0.0000,0.0000,0.0000,0.0000,0.0000,0.0000,0.0000,0.0000,0.0000,0.0000,0.0000,0.0000,0.0000,0.0000,0.0000,0.0000,0.0000,0.0000,0.0000,0.0000,0.0000,0.0000,0.0000,0.0000,0.0000,0.0000,0.0000,0.0000,0.0000,0.0000,0.0000,0.0000,0.0000,0.0000,0.0000,0.0000,0.0000,0.0000,0.0000,0.0000,0.0000,0.0000,0.0000,0.0000,0.0000,0.0000,0.0000,0.0000,0.0000,0.0000,0.0000,0.0000,0.0000,0.0000,0.0000,0.0000,0.0000,0.0000,0.0000,0.0000,0.0000,0.0000,0.0000,0.0000,0.0000,0.0000,0.0000,0.0000,0.0000,0.0000,0.0000,0.0000,0.0000,0.0000,0.0000,0.0000
0.0000,0.0000,0.0000,0.0000,0.0000,0.0000,0.0000,0.0000,0.0000,0.0000,0.0000,0.0000,0.0000,0.0000,0.0000,0.0000,0.0000,0.0000,0.0000,0.0000,0.0000,0.0000,0.0000,0.0000,0.0000,0.0000,0.0000,0.0000,0.0000,0.0000,0.0000,0.0000,0.0000,0.0000,0.0000,0.0000,0.0000,0.0000,0.0000,0.0000,0.0000,0.0000,0.0000,0.0000,0.0000,0.0000,0.0000,0.0000,0.0000,0.0000,0.0000,0.0000,0.0000,0.0000,0.0000,0.0000,0.0000,0.0000,0.0000,0.0000,0.0000,0.0000,0.0000,0.0000,0.0000,0.0000,0.0000,0.0000,0.0000,0.0000,0.0000,0.0000,0.0000,0.0000,0.0000,0.0000,0.0000,0.0000,0.0000,0.0000,0.0000,0.0000,0.0000,0.0000,0.0000,0.0000,0.0000,0.0000,0.0000,0.0000,0.0000,0.0000,0.0000,0.0000,0.0000,0.0000,0.0000,0.0000,0.0000,0.0000,0.0000,0.0000,0.0000,0.0000,0.0000,0.0000,0.0000,0.0000,0.0000,0.0000,0.0000,0.0000,0.0000,0.0000,0.0000,0.0000,0.0000,0.0000,0.0000,0.0000,0.0000,0.0000,0.0000,0.0000,0.0000,0.0000,0.0000,0.0000,0.0000,0.0000,0.0000,0.0000,0.0000,0.0000,0.0000,0.0000,0.0000,0.0000,0.0000,0.0000,0.0000,0.0000,0.0000,0.0000,0.0000,0.0000,0.0000,0.0000,0.0000,0.0000,0.0000,0.0000,0.0000,0.0000,0.0000,0.0000,0.0000,0.0000,0.0000,0.0000,0.0000,0.0000,0.0000,0.0000,0.0000,0.0000,0.0000,0.0000,0.0000,0.0000,0.0000,0.0000,0.0000,0.0000,0.0000,0.0000,0.0000,0.0000,0.0000,0.0000,0.0000,0.0000,0.0000,0.0000,0.0000,0.0000,0.0000,0.0000,0.0000,0.0000,0.0000,0.0000,0.0000,0.0000,0.0000,0.0000,0.0000,0.0000,0.0000,0.0000,0.0000,0.0000,0.0000,0.0000,0.0000,0.0000,0.0000,0.0000,0.0000,0.0000,0.0000
0.0000,0.0000,0.0000,0.0000,0.0000,0.0000,0.0000,0.0000,0.0000,0.0000,0.0000,0.0000,0.0000,0.0000,0.0000,0.0000,0.0000,0.0000,0.0000,0.0000,0.0000,0.0000,0.0000,0.0000,0.0000,0.0000,0.0000,0.0000,0.0000,0.0000,0.0000,0.0000,0.0000,0.0000,0.0000,0.0000,0.0000,0.0000,0.0000,0.0000,0.0000,0.0000,0.0000,0.0000,0.0000,0.0000,0.0000,0.0000,0.0000,0.0000,0.0000,0.0000,0.0000,0.0000,0.0000,0.0000,0.0000,0.0000,0.0000,0.0000,0.0000,0.0000,0.0000,0.0000,0.0000,0.0000,0.0000,0.0000,0.0000,0.0000,0.0000,0.0000,0.0000,0.0000,0.0000,0.0000,0.0000,0.0000,0.0000,0.0000,0.0000,0.0000,0.0000,0.0000,0.0000,0.0000,0.0000,0.0000,0.0000,0.0000,0.0000,0.0000,0.0000,0.0000,0.0000,0.0000,0.0000,0.0000,0.0000,0.0000,0.0000,0.0000,0.0000,0.0000,0.0000,0.0000,0.0000,0.0000,0.0000,0.0000,0.0000,0.0000,0.0000,0.0000,0.0000,0.0000,0.0000,0.0000,0.0000,0.0000,0.0000,0.0000,0.0000,0.0000,0.0000,0.0000,0.0000,0.0000,0.0000,0.0000,0.0000,0.0000,0.0000,0.0000,0.0000,0.0000,0.0000,0.0000,0.0000,0.0000,0.0000,0.0000,0.0000,0.0000,0.0000,0.0000,0.0000,0.0000,0.0000,0.0000,0.0000,0.0000,0.0000,0.0000,0.0000,0.0000,0.0000,0.0000,0.0000,0.0000,0.0000,0.0000,0.0000,0.0000,0.0000,0.0000,0.0000,0.0000,0.0000,0.0000,0.0000,0.0000,0.0000,0.0000,0.0000,0.0000,0.0000,0.0000,0.0000,0.0000,0.0000,0.0000,0.0000,0.0000,0.0000,0.0000,0.0000,0.0000,0.0000,0.0000,0.0000,0.0000,0.0000,0.0000,0.0000,0.0000,0.0000,0.0000,0.0000,0.0000,0.0000,0.0000,0.0000,0.0000,0.0000,0.0000,0.0000,0.0000,0.0000,0.0000,0.0000
0.0000,0.0000,0.0000,0.0000,0.0000,0.0000,0.0000,0.0000,0.0000,0.0000,0.0000,0.0000,0.0000,0.0000,0.0000,0.0000,0.0000,0.0000,0.0000,0.0000,0.0000,0.0000,0.0000,0.0000,0.0000,0.0000,0.0000,0.0000,0.0000,0.0000,0.0000,0.0000,0.0000,0.0000,0.0000,0.0000,0.0000,0.0000,0.0000,0.0000,0.0000,0.0000,0.0000,0.0000,0.0000,0.0000,0.0000,0.0000,0.0000,0.0000,0.0000,0.0000,0.0000,0.0000,0.0000,0.0000,0.0000,0.0000,0.0000,0.0000,0.0000,0.0000,0.0000,0.0000,0.0000,0.0000,0.0000,0.0000,0.0000,0.0000,0.0000,0.0000,0.0000,0.0000,0.0000,0.0000,0.0000,0.0000,0.0000,0.0000,0.0000,0.0000,0.0000,0.0000,0.0000,0.0000,0.0000,0.0000,0.0000,0.0000,0.0000,0.0000,0.0000,0.0000,0.0000,0.0000,0.0000,0.0000,0.0000,0.0000,0.0000,0.0000,0.0000,0.0000,0.0000,0.0000,0.0000,0.0000,0.0000,0.0000,0.0000,0.0000,0.0000,0.0000,0.0000,0.0000,0.0000,0.0000,0.0000,0.0000,0.0000,0.0000,0.0000,0.0000,0.0000,0.0000,0.0000,0.0000,0.0000,0.0000,0.0000,0.0000,0.0000,0.0000,0.0000,0.0000,0.0000,0.0000,0.0000,0.0000,0.0000,0.0000,0.0000,0.0000,0.0000,0.0000,0.0000,0.0000,0.0000,0.0000,0.0000,0.0000,0.0000,0.0000,0.0000,0.0000,0.0000,0.0000,0.0000,0.0000,0.0000,0.0000,0.0000,0.0000,0.0000,0.0000,0.0000,0.0000,0.0000,0.0000,0.0000,0.0000,0.0000,0.0000,0.0000,0.0000,0.0000,0.0000,0.0000,0.0000,0.0000,0.0000,0.0000,0.0000,0.0000,0.0000,0.0000,0.0000,0.0000,0.0000,0.0000,0.0000,0.0000,0.0000,0.0000,0.0000,0.0000,0.0000,0.0000,0.0000,0.0000,0.0000,0.0000,0.0000,0.0000,0.0000,0.0000,0.0000,0.0000,0.0000,0.0000
0.0000,0.0000,0.0000,0.0000,0.0000,0.0000,0.0000,0.0000,0.0000,0.0000,0.0000,0.0000,0.0000,0.0000,0.0000,0.0000,0.0000,0.0000,0.0000,0.0000,0.0000,0.0000,0.0000,0.0000,0.0000,0.0000,0.0000,0.0000,0.0000,0.0000,0.0000,0.0000,0.0000,0.0000,0.0000,0.0000,0.0000,0.0000,0.0000,0.0000,0.0000,0.0000,0.0000,0.0000,0.0000,0.0000,0.0000,0.0000,0.0000,0.0000,0.0000,0.0000,0.0000,0.0000,0.0000,0.0000,0.0000,0.0000,0.0000,0.0000,0.0000,0.0000,0.0000,0.0000,0.0000,0.0000,0.0000,0.0000,0.0000,0.0000,0.0000,0.0000,0.0000,0.0000,0.0000,0.0000,0.0000,0.0000,0.0000,0.0000,0.0000,0.0000,0.0000,0.0000,0.0000,0.0000,0.0000,0.0000,0.0000,0.0000,0.0000,0.0000,0.0000,0.0000,0.0000,0.0000,0.0000,0.0000,0.0000,0.0000,0.0000,0.0000,0.0000,0.0000,0.0000,0.0000,0.0000,0.0000,0.0000,0.0000,0.0000,0.0000,0.0000,0.0000,0.0000,0.0000,0.0000,0.0000,0.0000,0.0000,0.0000,0.0000,0.0000,0.0000,0.0000,0.0000,0.0000,0.0000,0.0000,0.0000,0.0000,0.0000,0.0000,0.0000,0.0000,0.0000,0.0000,0.0000,0.0000,0.0000,0.0000,0.0000,0.0000,0.0000,0.0000,0.0000,0.0000,0.0000,0.0000,0.0000,0.0000,0.0000,0.0000,0.0000,0.0000,0.0000,0.0000,0.0000,0.0000,0.0000,0.0000,0.0000,0.0000,0.0000,0.0000,0.0000,0.0000,0.0000,0.0000,0.0000,0.0000,0.0000,0.0000,0.0000,0.0000,0.0000,0.0000,0.0000,0.0000,0.0000,0.0000,0.0000,0.0000,0.0000,0.0000,0.0000,0.0000,0.0000,0.0000,0.0000,0.0000,0.0000,0.0000,0.0000,0.0000,0.0000,0.0000,0.0000,0.0000,0.0000,0.0000,0.0000,0.0000,0.0000,0.0000,0.0000,0.0000,0.0000,0.0000,0.0000,0.0000
0.0000,0.0000,0.0000,0.0000,0.0000,0.0000,0.0000,0.0000,0.0000,0.0000,0.0000,0.0000,0.0000,0.0000,0.0000,0.0000,0.0000,0.0000,0.0000,0.0000,0.0000,0.0000,0.0000,0.0000,0.0000,0.0000,0.0000,0.0000,0.0000,0.0000,0.0000,0.0000,0.0000,0.0000,0.0000,0.0000,0.0000,0.0000,0.0000,0.0000,0.0000,0.0000,0.0000,0.0000,0.0000,0.0000,0.0000,0.0000,0.0000,0.0000,0.0000,0.0000,0.0000,0.0000,0.0000,0.0000,0.0000,0.0000,0.0000,0.0000,0.0000,0.0000,0.0000,0.0000,0.0000,0.0000,0.0000,0.0000,0.0000,0.0000,0.0000,0.0000,0.0000,0.0000,0.0000,0.0000,0.0000,0.0000,0.0000,0.0000,0.0000,0.0000,0.0000,0.0000,0.0000,0.0000,0.0000,0.0000,0.0000,0.0000,0.0000,0.0000,0.0000,0.0000,0.0000,0.0000,0.0000,0.0000,0.0000,0.0000,0.0000,0.0000,0.0000,0.0000,0.0000,0.0000,0.0000,0.0000,0.0000,0.0000,0.0000,0.0000,0.0000,0.0000,0.0000,0.0000,0.0000,0.0000,0.0000,0.0000,0.0000,0.0000,0.0000,0.0000,0.0000,0.0000,0.0000,0.0000,0.0000,0.0000,0.0000,0.0000,0.0000,0.0000,0.0000,0.0000,0.0000,0.0000,0.0000,0.0000,0.0000,0.0000,0.0000,0.0000,0.0000,0.0000,0.0000,0.0000,0.0000,0.0000,0.0000,0.0000,0.0000,0.0000,0.0000,0.0000,0.0000,0.0000,0.0000,0.0000,0.0000,0.0000,0.0000,0.0000,0.0000,0.0000,0.0000,0.0000,0.0000,0.0000,0.0000,0.0000,0.0000,0.0000,0.0000,0.0000,0.0000,0.0000,0.0000,0.0000,0.0000,0.0000,0.0000,0.0000,0.0000,0.0000,0.0000,0.0000,0.0000,0.0000,0.0000,0.0000,0.0000,0.0000,0.0000,0.0000,0.0000,0.0000,0.0000,0.0000,0.0000,0.0000,0.0000,0.0000,0.0000,0.0000,0.0000,0.0000,0.0000,0.0000,0.0000
0.0000,0.0000,0.0000,0.0000,0.0000,0.0000,0.0000,0.0000,0.0000,0.0000,0.0000,0.0000,0.0000,0.0000,0.0000,0.0000,0.0000,0.0000,0.0000,0.0000,0.0000,0.0000,0.0000,0.0000,0.0000,0.0000,0.0000,0.0000,0.0000,0.0000,0.0000,0.0000,0.0000,0.0000,0.0000,0.0000,0.0000,0.0000,0.0000,0.0000,0.0000,0.0000,0.0000,0.0000,0.0000,0.0000,0.0000,0.0000,0.0000,0.0000,0.0000,0.0000,0.0000,0.0000,0.0000,0.0000,0.0000,0.0000,0.0000,0.0000,0.0000,0.0000,0.0000,0.0000,0.0000,0.0000,0.0000,0.0000,0.0000,0.0000,0.0000,0.0000,0.0000,0.0000,0.0000,0.0000,0.0000,0.0000,0.0000,0.0000,0.0000,0.0000,0.0000,0.0000,0.0000,0.0000,0.0000,0.0000,0.0000,0.0000,0.0000,0.0000,0.0000,0.0000,0.0000,0.0000,0.0000,0.0000,0.0000,0.0000,0.0000,0.0000,0.0000,0.0000,0.0000,0.0000,0.0000,0.0000,0.0000,0.0000,0.0000,0.0000,0.0000,0.0000,0.0000,0.0000,0.0000,0.0000,0.0000,0.0000,0.0000,0.0000,0.0000,0.0000,0.0000,0.0000,0.0000,0.0000,0.0000,0.0000,0.0000,0.0000,0.0000,0.0000,0.0000,0.0000,0.0000,0.0000,0.0000,0.0000,0.0000,0.0000,0.0000,0.0000,0.0000,0.0000,0.0000,0.0000,0.0000,0.0000,0.0000,0.0000,0.0000,0.0000,0.0000,0.0000,0.0000,0.0000,0.0000,0.0000,0.0000,0.0000,0.0000,0.0000,0.0000,0.0000,0.0000,0.0000,0.0000,0.0000,0.0000,0.0000,0.0000,0.0000,0.0000,0.0000,0.0000,0.0000,0.0000,0.0000,0.0000,0.0000,0.0000,0.0000,0.0000,0.0000,0.0000,0.0000,0.0000,0.0000,0.0000,0.0000,0.0000,0.0000,0.0000,0.0000,0.0000,0.0000,0.0000,0.0000,0.0000,0.0000,0.0000,0.0000,0.0000,0.0000,0.0000,0.0000,0.0000,0.0000,0.0000
0.0000,-0.0000,0.0000,0.0000,0.0001,0.0001,0.0002,0.0003,0.0004,0.0006,0.0007,0.0009,0.0011,0.0014,0.0017,0.0019,0.0023,0.0026,0.0030,0.0034,0.0038,0.0042,0.0046,0.0051,0.0056,0.0061,0.0066,0.0071,0.0077,0.0084,0.0090,0.0097,0.0105,0.0113,0.0122,0.0131,0.0140,0.0151,0.0167,0.0184,0.0199,0.0215,0.0230,0.0245,0.0259,0.0273,0.0285,0.0295,0.0302,0.0306,0.0308,0.0309,0.0307,0.0306,0.0307,0.0309,0.0312,0.0315,0.0321,0.0326,0.0333,0.0340,0.0349,0.0359,0.0371,0.0383,0.0396,0.0410,0.0426,0.0443,0.0462,0.0483,0.0507,0.0532,0.0557,0.0584,0.0616,0.0649,0.0680,0.0712,0.0748,0.0788,0.0828,0.0868,0.0909,0.0949,0.0991,0.1034,0.1081,0.1129,0.1176,0.1223,0.1271,0.1318,0.1362,0.1403,0.1443,0.1482,0.1519,0.1551,0.1576,0.1593,0.1608,0.1616,0.1616,0.1609,0.1598,0.1579,0.1554,0.1523,0.1488,0.1451,0.1413,0.1373,0.1333,0.1295,0.1258,0.1220,0.1177,0.1129,0.1080,0.1034,0.0995,0.0961,0.0926,0.0891,0.0857,0.0821,0.0782,0.0743,0.0708,0.0674,0.0639,0.0604,0.0571,0.0542,0.0516,0.0491,0.0465,0.0440,0.0421,0.0404,0.0386,0.0368,0.0352,0.0338,0.0324,0.0312,0.0300,0.0287,0.0272,0.0259,0.0252,0.0247,0.0241,0.0234,0.0228,0.0222,0.0216,0.0210,0.0204,0.0198,0.0192,0.0186,0.0180,0.0174,0.0168,0.0162,0.0157,0.0151,0.0145,0.0140,0.0135,0.0129,0.0124,0.0119,0.0113,0.0108,0.0103,0.0099,0.0094,0.0089,0.0084,0.0080,0.0075,0.0071,0.0067,0.0062,0.0058,0.0054,0.0051,0.0047,0.0043,0.0040,0.0036,0.0033,0.0030,0.0027,0.0024,0.0021,0.0024,0.0021,0.0018,0.0015,0.0012,0.0010,0.0007,0.0005,0.0003,0.0002,0.0000
0.0000,-0.0000,0.0000,0.0001,0.0002,0.0004,0.0006,0.0009,0.0013,0.0017,0.0022,0.0028,0.0035,0.0042,0.0050,0.0059,0.0068,0.0078,0.0089,0.0101,0.0113,0.0126,0.0139,0.0153,0.0167,0.0182,0.0198,0.0215,0.0232,0.0251,0.0271,0.0292,0.0314,0.0339,0.0365,0.0393,0.0420,0.0455,0.0500,0.0551,0.0598,0.0645,0.0690,0.0736,0.0778,0.0819,0.0854,0.0884,0.0904,0.0918,0.0924,0.0925,0.0920,0.0916,0.0919,0.0925,0.0933,0.0943,0.0958,0.0977,0.0996,0.1018,0.1044,0.1074,0.1109,0.1147,0.1185,0.1226,0.1273,0.1324,0.1382,0.1446,0.1517,0.1591,0.1665,0.1746,0.1841,0.1940,0.2034,0.2129,0.2239,0.2358,0.2479,0.2599,0.2720,0.2841,0.2967,0.3098,0.3237,0.3381,0.3522,0.3664,0.3809,0.3951,0.4082,0.4205,0.4326,0.4443,0.4555,0.4653,0.4726,0.4780,0.4823,0.4847,0.4849,0.4830,0.4794,0.4740,0.4664,0.4572,0.4467,0.4352,0.4236,0.4118,0.3997,0.3881,0.3771,0.3656,0.3527,0.3384,0.3236,0.3097,0.2981,0.2878,0.2773,0.2668,0.2566,0.2458,0.2340,0.2222,0.2117,0.2015,0.1909,0.1803,0.1706,0.1618,0.1542,0.1467,0.1388,0.1314,0.1256,0.1205,0.1153,0.1100,0.1052,0.1008,0.0968,0.0938,0.0902,0.0863,0.0818,0.0779,0.0756,0.0741,0.0723,0.0704,0.0685,0.0667,0.0648,0.0630,0.0612,0.0594,0.0576,0.0558,0.0540,0.0523,0.0505,0.0488,0.0471,0.0454,0.0437,0.0421,0.0404,0.0388,0.0372,0.0357,0.0341,0.0326,0.0311,0.0296,0.0282,0.0267,0.0253,0.0240,0.0226,0.0213,0.0200,0.0188,0.0175,0.0163,0.0152,0.0141,0.0130,0.0119,0.0109,0.0099,0.0090,0.0081,0.0072,0.0064,0.0056,0.0048,0.0041,0.0034,0.0028,0.0022,0.0022,0.0016,0.0010,0.0005,0.0000
0.0000,-0.0000,0.0000,0.0002,0.0004,0.0007,0.0012,0.0017,0.0024,0.0032,0.0041,0.0052,0.0064,0.0078,0.0092,0.0109,0.0127,0.0146,0.0166,0.0188,0.0210,0.0234,0.0259,0.0284,0.0311,0.0339,0.0368,0.0399,0.0432,0.0467,0.0504,0.0543,0.0585,0.0631,0.0680,0.0730,0.0781,0.0846,0.0930,0.1025,0.1112,0.1199,0.1284,0.1369,0.1446,0.1521,0.1587,0.1641,0.1678,0.1702,0.1713,0.1712,0.1702,0.1694,0.1697,0.1708,0.1721,0.1739,0.1766,0.1798,0.1834,0.1873,0.1920,0.1976,0.2040,0.2110,0.2181,0.2257,0.2343,0.2439,0.2546,0.2664,0.2796,0.2934,0.3073,0.3225,0.3402,0.3588,0.3762,0.3942,0.4147,0.4371,0.4598,0.4826,0.5054,0.5284,0.5521,0.5769,0.6034,0.6306,0.6576,0.6845,0.7121,0.7392,0.7643,0.7879,0.8111,0.8337,0.8552,0.8741,0.8884,0.8989,0.9075,0.9126,0.9129,0.9095,0.9032,0.8931,0.8791,0.8619,0.8422,0.8215,0.7999,0.7778,0.7552,0.7334,0.7128,0.6913,0.6670,0.6402,0.6123,0.5862,0.5644,0.5449,0.5252,0.5055,0.4861,0.4658,0.4435,0.4213,0.4014,0.3822,0.3621,0.3422,0.3236,0.3071,0.2926,0.2785,0.2634,0.2494,0.2384,0.2288,0.2188,0.2088,0.1996,0.1913,0.1838,0.1768,0.1702,0.1628,0.1543,0.1469,0.1426,0.1398,0.1365,0.1327,0.1292,0.1257,0.1223,0.1188,0.1154,0.1120,0.1086,0.1052,0.1019,0.0986,0.0959,0.0926,0.0894,0.0862,0.0830,0.0799,0.0768,0.0737,0.0707,0.0677,0.0647,0.0619,0.0590,0.0562,0.0534,0.0507,0.0481,0.0455,0.0429,0.0404,0.0380,0.0356,0.0333,0.0310,0.0288,0.0267,0.0246,0.0226,0.0207,0.0188,0.0170,0.0153,0.0137,0.0121,0.0106,0.0091,0.0078,0.0065,0.0053,0.0042,0.0032,0.0023,0.0019,0.0009,0.0000
0.0000,-0.0001,0.0000,0.0003,0.0009,0.0016,0.0026,0.0038,0.0053,0.0071,0.0091,0.0115,0.0141,0.0171,0.0204,0.0239,0.0279,0.0321,0.0366,0.0413,0.0463,0.0515,0.0570,0.0626,0.0686,0.0747,0.0812,0.0880,0.0952,0.1029,0.1111,0.1198,0.1290,0.1390,0.1498,0.1610,0.1722,0.1864,0.2051,0.2259,0.2451,0.2643,0.2828,0.3016,0.3184,0.3347,0.3490,0.3607,0.3687,0.3736,0.3758,0.3754,0.3728,0.3707,0.3711,0.3731,0.3756,0.3791,0.3848,0.3916,0.3992,0.4075,0.4177,0.4297,0.4436,0.4588,0.4743,0.4909,0.5096,0.5307,0.5541,0.5801,0.6091,0.6394,0.6700,0.7033,0.7424,0.7834,0.8220,0.8618,0.9073,0.9569,1.0075,1.0582,1.1089,1.1603,1.2134,1.2689,1.3283,1.3893,1.4497,1.5103,1.5725,1.6336,1.6902,1.7437,1.7963,1.8475,1.8966,1.9392,1.9720,1.9964,2.0164,2.0286,2.0311,2.0245,2.0111,1.9894,1.9588,1.9211,1.8777,1.8321,1.7845,1.7355,1.6857,1.6374,1.5918,1.5444,1.4904,1.4308,1.3688,1.3109,1.2625,1.2192,1.1755,1.1316,1.0885,1.0432,0.9935,0.9440,0.8994,0.8566,0.8118,0.7671,0.7256,0.6887,0.6563,0.6246,0.5908,0.5594,0.5347,0.5133,0.4908,0.4683,0.4478,0.4292,0.4123,0.3967,0.3817,0.3652,0.3461,0.3295,0.3199,0.3136,0.3061,0.2978,0.2898,0.2821,0.2743,0.2666,0.2588,0.2512,0.2436,0.2360,0.2286,0.2211,0.2138,0.2065,0.1992,0.1921,0.1850,0.1780,0.1711,0.1643,0.1575,0.1509,0.1443,0.1379,0.1315,0.1253,0.1192,0.1131,0.1072,0.1014,0.0963,0.0907,0.0853,0.0799,0.0747,0.0696,0.0647,0.0599,0.0553,0.0508,0.0464,0.0422,0.0382,0.0343,0.0306,0.0271,0.0237,0.0205,0.0175,0.0147,0.0120,0.0095,0.0072,0.0051,0.0032,0.0020,0.0000
0.0000,-0.0001,0.0000,0.0003,0.0008,0.0014,0.0023,0.0034,0.0047,0.0062,0.0080,0.0101,0.0124,0.0150,0.0179,0.0211,0.0245,0.0282,0.0322,0.0363,0.0407,0.0453,0.0501,0.0551,0.0604,0.0658,0.0715,0.0775,0.0839,0.0907,0.0978,0.1055,0.1136,0.1225,0.1320,0.1418,0.1517,0.1642,0.1806,0.1990,0.2159,0.2328,0.2491,0.2656,0.2804,0.2946,0.3071,0.3173,0.3242,0.3284,0.3301,0.3295,0.3271,0.3249,0.3250,0.3266,0.3286,0.3314,0.3362,0.3420,0.3485,0.3556,0.3644,0.3748,0.3869,0.4001,0.4136,0.4281,0.4445,0.4630,0.4834,0.5062,0.5317,0.5583,0.5852,0.6145,0.6489,0.6850,0.7190,0.7542,0.7944,0.8382,0.8830,0.9279,0.9729,1.0185,1.0657,1.1151,1.1679,1.2221,1.2761,1.3301,1.3856,1.4402,1.4910,1.5389,1.5861,1.6321,1.6762,1.7150,1.7443,1.7667,1.7850,1.7964,1.7992,1.7939,1.7826,1.7638,1.7370,1.7039,1.6658,1.6256,1.5837,1.5405,1.4966,1.4540,1.4138,1.3719,1.3243,1.2715,1.2166,1.1654,1.1226,1.0843,1.0456,1.0067,0.9685,0.9284,0.8842,0.8403,0.8008,0.7628,0.7229,0.6832,0.6463,0.6135,0.5847,0.5565,0.5264,0.4984,0.4764,0.4573,0.4373,0.4173,0.3989,0.3824,0.3674,0.3535,0.3401,0.3254,0.3084,0.2936,0.2851,0.2794,0.2728,0.2653,0.2582,0.2513,0.2444,0.2375,0.2306,0.2238,0.2170,0.2103,0.2036,0.1970,0.1905,0.1840,0.1775,0.1712,0.1649,0.1586,0.1525,0.1464,0.1404,0.1345,0.1286,0.1229,0.1172,0.1117,0.1062,0.1008,0.0961,0.0909,0.0858,0.0809,0.0760,0.0712,0.0666,0.0621,0.0577,0.0534,0.0492,0.0452,0.0414,0.0376,0.0340,0.0306,0.0273,0.0241,0.0211,0.0183,0.0156,0.0131,0.0107,0.0085,0.0064,0.0046,0.0029,0.0018,0.0000
0.0000,-0.0001,0.0000,0.0004,0.0010,0.0018,0.0029,0.0043,0.0060,0.0080,0.0103,0.0129,0.0159,0.0193,0.0230,0.0270,0.0315,0.0362,0.0413,0.0466,0.0523,0.0582,0.0644,0.0708,0.0775,0.0845,0.0918,0.0996,0.1078,0.1165,0.1257,0.1356,0.1461,0.1574,0.1696,0.1823,0.1950,0.2111,0.2322,0.2558,0.2775,0.2991,0.3200,0.3411,0.3600,0.3782,0.3941,0.4070,0.4157,0.4208,0.4228,0.4218,0.4184,0.4153,0.4152,0.4169,0.4191,0.4224,0.4283,0.4355,0.4435,0.4524,0.4634,0.4765,0.4919,0.5085,0.5257,0.5441,0.5649,0.5885,0.6146,0.6436,0.6761,0.7101,0.7445,0.7820,0.8261,0.8722,0.9159,0.9611,1.0127,1.0690,1.1266,1.1844,1.2424,1.3013,1.3622,1.4261,1.4943,1.5646,1.6344,1.7045,1.7765,1.8474,1.9134,1.9758,2.0373,2.0973,2.1545,2.2052,2.2442,2.2737,2.2981,2.3135,2.3178,2.3116,2.2976,2.2740,2.2400,2.1977,2.1489,2.0974,2.0437,1.9883,1.9320,1.8773,1.8258,1.7720,1.7107,1.6429,1.5723,1.5063,1.4512,1.4019,1.3521,1.3020,1.2528,1.2010,1.1441,1.0874,1.0364,0.9873,0.9358,0.8845,0.8368,0.7944,0.7571,0.7206,0.6817,0.6455,0.6170,0.5923,0.5664,0.5404,0.5167,0.4953,0.4758,0.4578,0.4405,0.4214,0.3994,0.3803,0.3692,0.3619,0.3533,0.3436,0.3344,0.3255,0.3166,0.3076,0.2987,0.2899,0.2811,0.2724,0.2638,0.2552,0.2467,0.2383,0.2299,0.2217,0.2135,0.2055,0.1975,0.1896,0.1818,0.1742,0.1666,0.1592,0.1518,0.1446,0.1375,0.1306,0.1237,0.1171,0.1105,0.1041,0.0984,0.0922,0.0862,0.0804,0.0747,0.0692,0.0638,0.0586,0.0536,0.0488,0.0441,0.0396,0.0354,0.0313,0.0274,0.0237,0.0202,0.0169,0.0138,0.0110,0.0083,0.0059,0.0037,0.0023,0.0000
0.0000,-0.0001,0.0000,0.0004,0.0011,0.0021,0.0035,0.0051,0.0071,0.0094,0.0121,0.0152,0.0187,0.0226,0.0269,0.0317,0.0369,0.0424,0.0484,0.0547,0.0613,0.0682,0.0755,0.0830,0.0909,0.0991,0.1077,0.1168,0.1264,0.1367,0.1475,0.1591,0.1713,0.1847,0.1990,0.2139,0.2288,0.2476,0.2723,0.3000,0.3255,0.3508,0.3752,0.3999,0.4220,0.4433,0.4617,0.4768,0.4867,0.4925,0.4945,0.4931,0.4888,0.4850,0.4845,0.4862,0.4885,0.4920,0.4985,0.5067,0.5157,0.5259,0.5385,0.5536,0.5713,0.5906,0.6105,0.6318,0.6560,0.6833,0.7136,0.7475,0.7852,0.8248,0.8649,0.9087,0.9601,1.0140,1.0650,1.1178,1.1783,1.2441,1.3115,1.3793,1.4474,1.5165,1.5881,1.6631,1.7434,1.8261,1.9083,1.9909,2.0757,2.1593,2.2373,2.3112,2.3839,2.4549,2.5227,2.5828,2.6293,2.6646,2.6939,2.7126,2.7183,2.7116,2.6957,2.6685,2.6290,2.5798,2.5228,2.4627,2.3999,2.3352,2.2694,2.2055,2.1452,2.0823,2.0106,1.9312,1.8484,1.7710,1.7065,1.6487,1.5903,1.5316,1.4739,1.4132,1.3463,1.2798,1.2198,1.1622,1.1016,1.0413,0.9853,0.9354,0.8915,0.8486,0.8027,0.7601,0.7266,0.6975,0.6669,0.6364,0.6085,0.5833,0.5603,0.5391,0.5187,0.4962,0.4703,0.4478,0.4348,0.4262,0.4160,0.4047,0.3939,0.3834,0.3728,0.3623,0.3518,0.3414,0.3311,0.3208,0.3106,0.3005,0.2905,0.2806,0.2708,0.2611,0.2515,0.2420,0.2326,0.2233,0.2141,0.2051,0.1962,0.1874,0.1788,0.1703,0.1620,0.1538,0.1457,0.1379,0.1301,0.1226,0.1152,0.1080,0.1009,0.0947,0.0880,0.0815,0.0751,0.0690,0.0631,0.0574,0.0519,0.0467,0.0416,0.0368,0.0322,0.0279,0.0238,0.0199,0.0163,0.0129,0.0098,0.0070,0.0044,0.0021,0.0000
0.0000,-0.0002,0.0000,0.0006,0.0016,0.0030,0.0048,0.0071,0.0098,0.0131,0.0168,0.0211,0.0260,0.0315,0.0375,0.0442,0.0514,0.0592,0.0675,0.0762,0.0855,0.0952,0.1053,0.1158,0.1268,0.1383,0.1503,0.1630,0.1764,0.1907,0.2058,0.2221,0.2392,0.2578,0.2778,0.2985,0.3194,0.3456,0.3801,0.4187,0.4542,0.4895,0.5235,0.5579,0.5887,0.6181,0.6437,0.6644,0.6781,0.6858,0.6883,0.6859,0.6796,0.6739,0.6728,0.6747,0.6774,0.6820,0.6906,0.7015,0.7137,0.7276,0.7448,0.7655,0.7898,0.8163,0.8436,0.8731,0.9064,0.9442,0.9861,1.0329,1.0852,1.1400,1.1956,1.2563,1.3276,1.4024,1.4733,1.5467,1.6308,1.7223,1.8162,1.9106,2.0055,2.1019,2.2019,2.3066,2.4188,2.5343,2.6493,2.7648,2.8836,3.0008,3.1101,3.2138,3.3157,3.4154,3.5111,3.5958,3.6614,3.7116,3.7532,3.7801,3.7888,3.7802,3.7588,3.7213,3.6668,3.5987,3.5197,3.4362,3.3490,3.2592,3.1677,3.0788,2.9951,2.9076,2.8078,2.6972,2.5819,2.4741,2.3842,2.3038,2.2225,2.1406,2.0602,1.9755,1.8823,1.7893,1.7057,1.6252,1.5407,1.4564,1.3781,1.3084,1.2471,1.1871,1.1230,1.0633,1.0165,0.9758,0.9330,0.8903,0.8513,0.8160,0.7838,0.7542,0.7257,0.6943,0.6580,0.6265,0.6083,0.5963,0.5820,0.5662,0.5510,0.5364,0.5216,0.5068,0.4922,0.4777,0.4632,0.4488,0.4346,0.4205,0.4065,0.3926,0.3789,0.3653,0.3518,0.3385,0.3254,0.3124,0.2996,0.2870,0.2745,0.2623,0.2502,0.2383,0.2266,0.2152,0.2039,0.1929,0.1821,0.1715,0.1612,0.1511,0.1412,0.1316,0.1223,0.1133,0.1045,0.0966,0.0883,0.0803,0.0727,0.0653,0.0583,0.0515,0.0451,0.0390,0.0333,0.0279,0.0228,0.0181,0.0137,0.0097,0.0061,0.0029,0.0000
0.0000,-0.0001,0.0000,0.0006,0.0014,0.0027,0.0043,0.0064,0.0089,0.0118,0.0152,0.0191,0.0235,0.0284,0.0339,0.0399,0.0464,0.0534,0.0609,0.0689,0.0773,0.0860,0.0951,0.1047,0.1146,0.1250,0.1359,0.1474,0.1595,0.1724,0.1861,0.2007,0.2162,0.2331,0.2511,0.2699,0.2887,0.3125,0.3437,0.3786,0.4106,0.4425,0.4732,0.5043,0.5320,0.5585,0.5815,0.6001,0.6122,0.6190,0.6210,0.6186,0.6126,0.6071,0.6058,0.6073,0.6094,0.6132,0.6207,0.6302,0.6409,0.6531,0.6684,0.6868,0.7084,0.7320,0.7565,0.7828,0.8126,0.8464,0.8840,0.9259,0.9727,1.0219,1.0718,1.1262,1.1902,1.2574,1.3211,1.3870,1.4626,1.5449,1.6293,1.7143,1.7997,1.8866,1.9766,2.0711,2.1721,2.2763,2.3800,2.4843,2.5915,2.6973,2.7961,2.8898,2.9822,3.0721,3.1587,3.2354,3.2949,3.3405,3.3784,3.4031,3.4114,3.4040,3.3850,3.3516,3.3028,3.2416,3.1707,3.0957,3.0174,2.9366,2.8544,2.7745,2.6992,2.6206,2.5308,2.4313,2.3275,2.2305,2.1496,2.0773,2.0040,1.9304,1.8580,1.7817,1.6977,1.6140,1.5386,1.4660,1.3899,1.3139,1.2433,1.1804,1.1252,1.0710,1.0132,0.9594,0.9172,0.8804,0.8419,0.8033,0.7681,0.7363,0.7073,0.6805,0.6548,0.6264,0.5937,0.5653,0.5488,0.5380,0.5252,0.5109,0.4972,0.4840,0.4707,0.4573,0.4441,0.4310,0.4180,0.4050,0.3922,0.3794,0.3668,0.3543,0.3419,0.3296,0.3175,0.3055,0.2936,0.2819,0.2703,0.2590,0.2477,0.2366,0.2257,0.2150,0.2045,0.1942,0.1840,0.1741,0.1643,0.1548,0.1454,0.1363,0.1274,0.1188,0.1104,0.1022,0.0949,0.0871,0.0797,0.0725,0.0656,0.0589,0.0526,0.0465,0.0407,0.0352,0.0300,0.0251,0.0206,0.0163,0.0124,0.0088,0.0055,0.0026,0.0000
0.0000,-0.0002,0.0000,0.0006,0.0016,0.0029,0.0047,0.0069,0.0096,0.0128,0.0164,0.0206,0.0254,0.0307,0.0367,0.0431,0.0502,0.0578,0.0659,0.0745,0.0836,0.0930,0.1030,0.1133,0.1241,0.1353,0.1470,0.1595,0.1726,0.1866,0.2014,0.2173,0.2341,0.2523,0.2719,0.2922,0.3126,0.3382,0.3720,0.4098,0.4445,0.4789,0.5122,0.5457,0.5756,0.6042,0.6289,0.6489,0.6618,0.6690,0.6710,0.6681,0.6613,0.6551,0.6534,0.6546,0.6566,0.6604,0.6682,0.6781,0.6894,0.7023,0.7185,0.7380,0.7611,0.7864,0.8125,0.8407,0.8726,0.9088,0.9491,0.9941,1.0444,1.0972,1.1508,1.2093,1.2781,1.3504,1.4189,1.4899,1.5712,1.6598,1.7508,1.8423,1.9344,2.0281,2.1252,2.2271,2.3362,2.4486,2.5606,2.6733,2.7892,2.9035,3.0104,3.1118,3.2118,3.3091,3.4029,3.4861,3.5507,3.6003,3.6417,3.6687,3.6780,3.6704,3.6503,3.6146,3.5622,3.4965,3.4202,3.3396,3.2553,3.1683,3.0798,2.9939,2.9128,2.8281,2.7315,2.6242,2.5123,2.4078,2.3206,2.2427,2.1637,2.0843,2.0063,1.9240,1.8334,1.7430,1.6617,1.5834,1.5012,1.4192,1.3430,1.2751,1.2155,1.1570,1.0946,1.0365,0.9908,0.9511,0.9095,0.8678,0.8298,0.7954,0.7641,0.7352,0.7074,0.6767,0.6414,0.6107,0.5929,0.5813,0.5674,0.5519,0.5372,0.5229,0.5085,0.4941,0.4798,0.4656,0.4515,0.4375,0.4237,0.4099,0.3963,0.3827,0.3693,0.3561,0.3430,0.3300,0.3172,0.3046,0.2921,0.2798,0.2676,0.2557,0.2439,0.2323,0.2209,0.2098,0.1988,0.1880,0.1775,0.1672,0.1571,0.1473,0.1377,0.1283,0.1192,0.1104,0.1019,0.0941,0.0861,0.0783,0.0708,0.0637,0.0568,0.0502,0.0440,0.0381,0.0324,0.0272,0.0222,0.0176,0.0134,0.0095,0.0060,0.0028,0.0000
0.0000,-0.0002,0.0001,0.0009,0.0022,0.0042,0.0067,0.0099,0.0137,0.0182,0.0235,0.0295,0.0363,0.0440,0.0524,0.0617,0.0718,0.0827,0.0943,0.1066,0.1196,0.1331,0.1474,0.1621,0.1776,0.1937,0.2105,0.2284,0.2472,0.2673,0.2884,0.3112,0.3352,0.3613,0.3893,0.4184,0.4476,0.4844,0.5327,0.5868,0.6364,0.6857,0.7332,0.7812,0.8239,0.8647,0.8999,0.9283,0.9466,0.9565,0.9590,0.9545,0.9445,0.9352,0.9323,0.9336,0.9361,0.9410,0.9517,0.9655,0.9812,0.9992,1.0219,1.0496,1.0822,1.1179,1.1549,1.1948,1.2401,1.2915,1.3487,1.4127,1.4842,1.5592,1.6354,1.7187,1.8167,1.9195,2.0171,2.1183,2.2342,2.3605,2.4902,2.6209,2.7523,2.8862,3.0249,3.1705,3.3264,3.4872,3.6474,3.8086,3.9744,4.1382,4.2913,4.4364,4.5797,4.7197,4.8543,4.9738,5.0668,5.1383,5.1980,5.2373,5.2512,5.2409,5.2127,5.1623,5.0879,4.9945,4.8859,4.7710,4.6509,4.5271,4.4009,4.2784,4.1629,4.0422,3.9043,3.7513,3.5916,3.4424,3.3180,3.2067,3.0941,2.9807,2.8693,2.7518,2.6223,2.4932,2.3770,2.2652,2.1476,2.0304,1.9214,1.8244,1.7391,1.6555,1.5662,1.4830,1.4178,1.3609,1.3014,1.2418,1.1873,1.1381,1.0933,1.0520,1.0122,0.9684,0.9178,0.8739,0.8484,0.8317,0.8119,0.7898,0.7686,0.7482,0.7276,0.7070,0.6866,0.6663,0.6461,0.6261,0.6062,0.5866,0.5670,0.5477,0.5285,0.5095,0.4908,0.4722,0.4539,0.4358,0.4180,0.4003,0.3830,0.3659,0.3490,0.3325,0.3162,0.3002,0.2845,0.2691,0.2540,0.2393,0.2248,0.2108,0.1970,0.1836,0.1706,0.1580,0.1458,0.1339,0.1224,0.1114,0.1014,0.0911,0.0813,0.0719,0.0629,0.0545,0.0464,0.0389,0.0318,0.0252,0.0192,0.0136,0.0085,0.0040,0.0000
0.0000,-0.0003,0.0001,0.0010,0.0027,0.0051,0.0082,0.0120,0.0167,0.0222,0.0286,0.0359,0.0442,0.0535,0.0638,0.0751,0.0874,0.1006,0.1148,0.1297,0.1456,0.1621,0.1794,0.1974,0.2162,0.2358,0.2563,0.2781,0.3009,0.3254,0.3512,0.3789,0.4081,0.4399,0.4741,0.5095,0.5451,0.5898,0.6487,0.7145,0.7750,0.8349,0.8928,0.9511,1.0030,1.0526,1.0953,1.1296,1.1516,1.1634,1.1662,1.1604,1.1479,1.1362,1.1323,1.1334,1.1360,1.1416,1.1541,1.1705,1.1892,1.2107,1.2379,1.2711,1.3104,1.3534,1.3980,1.4462,1.5009,1.5630,1.6322,1.7095,1.7960,1.8869,1.9791,2.0799,2.1986,2.3231,2.4414,2.5640,2.7046,2.8577,3.0150,3.1736,3.3331,3.4955,3.6640,3.8408,4.0302,4.2255,4.4202,4.6161,4.8178,5.0169,5.2032,5.3797,5.5542,5.7247,5.8886,6.0342,6.1476,6.2350,6.3081,6.3563,6.3737,6.3617,6.3280,6.2671,6.1772,6.0641,5.9325,5.7934,5.6478,5.4977,5.3447,5.1962,5.0562,4.9098,4.7425,4.5569,4.3632,4.1821,4.0311,3.8961,3.7594,3.6219,3.4866,3.3440,3.1868,3.0300,2.8889,2.7530,2.6103,2.4678,2.3355,2.2176,2.1139,2.0123,1.9038,1.8028,1.7234,1.6543,1.5819,1.5095,1.4433,1.3835,1.3290,1.2788,1.2304,1.1771,1.1157,1.0623,1.0314,1.0110,0.9869,0.9601,0.9344,0.9095,0.8845,0.8594,0.8346,0.8099,0.7855,0.7611,0.7370,0.7130,0.6893,0.6658,0.6425,0.6194,0.5966,0.5741,0.5518,0.5298,0.5081,0.4867,0.4655,0.4447,0.4243,0.4041,0.3843,0.3649,0.3458,0.3271,0.3088,0.2909,0.2733,0.2562,0.2395,0.2233,0.2074,0.1921,0.1772,0.1628,0.1488,0.1354,0.1225,0.1101,0.0988,0.0874,0.0765,0.0662,0.0564,0.0473,0.0387,0.0307,0.0233,0.0165,0.0104,0.0049,0.0000
0.0000,-0.0004,0.0001,0.0016,0.0040,0.0076,0.0122,0.0180,0.0249,0.0331,0.0427,0.0536,0.0660,0.0799,0.0952,0.1121,0.1305,0.1502,0.1714,0.1938,0.2174,0.2421,0.2679,0.2949,0.3230,0.3524,0.3830,0.4155,0.4497,0.4863,0.5249,0.5663,0.6100,0.6576,0.7087,0.7616,0.8148,0.8817,0.9697,1.0681,1.1585,1.2481,1.3345,1.4216,1.4991,1.5731,1.6368,1.6879,1.7204,1.7377,1.7414,1.7322,1.7131,1.6950,1.6886,1.6897,1.6929,1.7006,1.7186,1.7425,1.7698,1.8013,1.8413,1.8903,1.9484,2.0121,2.0782,2.1495,2.2306,2.3228,2.4255,2.5403,2.6688,2.8037,2.9408,3.0907,3.2671,3.4523,3.6283,3.8108,4.0199,4.2478,4.4821,4.7182,4.9558,5.1979,5.4490,5.7126,5.9950,6.2862,6.5767,6.8691,7.1700,7.4673,7.7450,8.0092,8.2699,8.5247,8.7698,8.9876,9.1575,9.2885,9.3982,9.4708,9.4975,9.4804,9.4308,9.3406,9.2072,9.0391,8.8433,8.6363,8.4197,8.1963,7.9687,7.7476,7.5392,7.3213,7.0722,6.7958,6.5071,6.2374,6.0125,5.8114,5.6078,5.4028,5.2012,4.9887,4.7544,4.5207,4.3103,4.1077,3.8948,3.6823,3.4849,3.3091,3.1545,3.0029,2.8410,2.6902,2.5718,2.4688,2.3607,2.2526,2.1538,2.0646,1.9833,1.9083,1.8362,1.7567,1.6650,1.5853,1.5391,1.5088,1.4728,1.4327,1.3944,1.3573,1.3200,1.2826,1.2455,1.2087,1.1722,1.1358,1.0998,1.0641,1.0287,0.9935,0.9588,0.9244,0.8904,0.8567,0.8235,0.7906,0.7582,0.7263,0.6948,0.6637,0.6332,0.6031,0.5736,0.5446,0.5161,0.4882,0.4609,0.4341,0.4079,0.3824,0.3575,0.3332,0.3096,0.2867,0.2644,0.2429,0.2221,0.2021,0.1828,0.1643,0.1466,0.1296,0.1135,0.0988,0.0842,0.0705,0.0577,0.0458,0.0348,0.0247,0.0155,0.0073,0.0000
0.0000,-0.0002,0.0001,0.0009,0.0022,0.0042,0.0067,0.0099,0.0137,0.0182,0.0235,0.0295,0.0363,0.0439,0.0524,0.0617,0.0718,0.0826,0.0943,0.1066,0.1196,0.1331,0.1473,0.1622,0.1776,0.1938,0.2106,0.2285,0.2473,0.2674,0.2886,0.3114,0.3354,0.3616,0.3896,0.4187,0.4479,0.4847,0.5331,0.5872,0.6368,0.6860,0.7335,0.7813,0.8239,0.8644,0.8994,0.9273,0.9451,0.9545,0.9565,0.9513,0.9407,0.9306,0.9270,0.9275,0.9291,0.9332,0.9430,0.9560,0.9708,0.9880,1.0098,1.0366,1.0683,1.1031,1.1393,1.1783,1.2226,1.2730,1.3292,1.3920,1.4623,1.5362,1.6112,1.6931,1.7897,1.8910,1.9872,2.0870,2.2014,2.3261,2.4542,2.5834,2.7133,2.8456,2.9829,3.1270,3.2814,3.4406,3.5994,3.7592,3.9236,4.0861,4.2381,4.3822,4.5246,4.6638,4.7976,4.9166,5.0093,5.0808,5.1406,5.1801,5.1946,5.1851,5.1578,5.1083,5.0353,4.9432,4.8361,4.7228,4.6042,4.4820,4.3574,4.2365,4.1224,4.0032,3.8669,3.7157,3.5578,3.4103,3.2873,3.1773,3.0659,2.9538,2.8435,2.7273,2.5992,2.4714,2.3563,2.2455,2.1292,2.0130,1.9050,1.8089,1.7244,1.6415,1.5530,1.4706,1.4059,1.3495,1.2905,1.2314,1.1774,1.1286,1.0841,1.0432,1.0037,0.9602,0.9101,0.8666,0.8413,0.8248,0.8051,0.7832,0.7622,0.7419,0.7215,0.7011,0.6808,0.6607,0.6407,0.6209,0.6012,0.5817,0.5623,0.5431,0.5241,0.5053,0.4867,0.4683,0.4501,0.4322,0.4145,0.3970,0.3798,0.3628,0.3461,0.3297,0.3135,0.2977,0.2821,0.2669,0.2519,0.2373,0.2230,0.2090,0.1954,0.1821,0.1692,0.1567,0.1446,0.1328,0.1214,0.1105,0.1005,0.0904,0.0806,0.0713,0.0624,0.0540,0.0460,0.0386,0.0316,0.0250,0.0190,0.0135,0.0085,0.0040,0.0000
0.0000,-0.0003,0.0001,0.0012,0.0031,0.0058,0.0094,0.0138,0.0192,0.0255,0.0328,0.0413,0.0508,0.0615,0.0733,0.0863,0.1004,0.1157,0.1319,0.1492,0.1674,0.1864,0.2063,0.2270,0.2487,0.2713,0.2949,0.3200,0.3463,0.3745,0.4042,0.4361,0.4697,0.5063,0.5457,0.5864,0.6273,0.6789,0.7466,0.8223,0.8919,0.9608,1.0273,1.0942,1.1537,1.2105,1.2593,1.2983,1.3231,1.3361,1.3386,1.3312,1.3160,1.3017,1.2963,1.2967,1.2987,1.3042,1.3176,1.3354,1.3559,1.3797,1.4100,1.4472,1.4914,1.5399,1.5902,1.6445,1.7064,1.7767,1.8551,1.9428,2.0409,2.1440,2.2487,2.3632,2.4980,2.6396,2.7741,2.9136,3.0735,3.2478,3.4270,3.6076,3.7893,3.9746,4.1667,4.3685,4.5846,4.8075,5.0298,5.2537,5.4841,5.7117,5.9244,6.1268,6.3265,6.5217,6.7095,6.8764,7.0067,7.1073,7.1914,7.2473,7.2679,7.2551,7.2173,7.1485,7.0466,6.9180,6.7683,6.6100,6.4444,6.2735,6.0994,5.9303,5.7709,5.6042,5.4137,5.2022,4.9813,4.7750,4.6029,4.4490,4.2932,4.1364,3.9821,3.8194,3.6401,3.4612,3.3002,3.1451,2.9822,2.8195,2.6684,2.5338,2.4154,2.2994,2.1754,2.0600,1.9693,1.8904,1.8077,1.7249,1.6492,1.5809,1.5187,1.4612,1.4060,1.3451,1.2749,1.2139,1.1786,1.1553,1.1278,1.0971,1.0677,1.0393,1.0108,0.9821,0.9537,0.9256,0.8976,0.8697,0.8422,0.8148,0.7877,0.7608,0.7342,0.7078,0.6818,0.6560,0.6306,0.6054,0.5806,0.5561,0.5320,0.5082,0.4848,0.4618,0.4392,0.4170,0.3952,0.3738,0.3529,0.3324,0.3123,0.2928,0.2737,0.2551,0.2371,0.2195,0.2025,0.1860,0.1701,0.1548,0.1400,0.1258,0.1122,0.0999,0.0874,0.0756,0.0645,0.0540,0.0442,0.0351,0.0266,0.0189,0.0119,0.0056,0.0000
0.0000,-0.0004,0.0001,0.0016,0.0043,0.0080,0.0128,0.0189,0.0262,0.0349,0.0449,0.0564,0.0695,0.0841,0.1003,0.1180,0.1374,0.1582,0.1805,0.2041,0.2290,0.2550,0.2822,0.3106,0.3403,0.3712,0.4035,0.4379,0.4739,0.5125,0.5532,0.5969,0.6429,0.6930,0.7469,0.8027,0.8587,0.9293,1.0220,1.1257,1.2209,1.3152,1.4063,1.4979,1.5794,1.6570,1.7237,1.7771,1.8109,1.8285,1.8317,1.8213,1.8003,1.7805,1.7728,1.7730,1.7754,1.7825,1.8005,1.8246,1.8523,1.8845,1.9256,1.9762,2.0363,2.1023,2.1709,2.2449,2.3292,2.4251,2.5320,2.6516,2.7855,2.9261,3.0690,3.2253,3.4093,3.6025,3.7862,3.9766,4.1950,4.4330,4.6777,4.9244,5.1727,5.4257,5.6883,5.9640,6.2593,6.5640,6.8679,7.1739,7.4889,7.7999,8.0911,8.3679,8.6411,8.9082,9.1651,9.3935,9.5719,9.7097,9.8251,9.9017,9.9303,9.9131,9.8617,9.7680,9.6290,9.4536,9.2492,9.0331,8.8069,8.5736,8.3358,8.1049,7.8872,7.6596,7.3993,7.1103,6.8086,6.5267,6.2916,6.0815,5.8686,5.6543,5.4435,5.2212,4.9762,4.7318,4.5116,4.2997,4.0770,3.8547,3.6481,3.4641,3.3023,3.1437,2.9742,2.8164,2.6924,2.5845,2.4715,2.3583,2.2549,2.1614,2.0763,1.9978,1.9223,1.8391,1.7431,1.6597,1.6114,1.5796,1.5419,1.5000,1.4598,1.4210,1.3819,1.3428,1.3039,1.2655,1.2272,1.1891,1.1514,1.1140,1.0770,1.0402,1.0038,0.9678,0.9322,0.8969,0.8621,0.8278,0.7938,0.7604,0.7274,0.6949,0.6629,0.6315,0.6005,0.5701,0.5403,0.5111,0.4825,0.4545,0.4271,0.4003,0.3743,0.3488,0.3241,0.3001,0.2769,0.2543,0.2326,0.2116,0.1914,0.1720,0.1534,0.1357,0.1188,0.1028,0.0882,0.0739,0.0604,0.0480,0.0364,0.0258,0.0162,0.0076,0.0000
0.0000,-0.0005,0.0001,0.0020,0.0051,0.0095,0.0152,0.0225,0.0312,0.0414,0.0534,0.0670,0.0825,0.0999,0.1191,0.1402,0.1632,0.1879,0.2144,0.2424,0.2721,0.3029,0.3353,0.3691,0.4043,0.4411,0.4795,0.5203,0.5631,0.6090,0.6574,0.7093,0.7640,0.8236,0.8876,0.9540,1.0205,1.1044,1.2146,1.3379,1.4510,1.5632,1.6713,1.7802,1.8770,1.9693,2.0486,2.1120,2.1520,2.1728,2.1766,2.1641,2.1390,2.1152,2.1059,2.1059,2.1085,2.1167,2.1378,2.1662,2.1989,2.2369,2.2855,2.3453,2.4165,2.4946,2.5758,2.6635,2.7633,2.8770,3.0037,3.1453,3.3040,3.4707,3.6401,3.8253,4.0434,4.2724,4.4901,4.7158,4.9746,5.2568,5.5468,5.8392,6.1335,6.4335,6.7447,7.0714,7.4215,7.7826,8.1429,8.5056,8.8790,9.2476,9.5928,9.9209,10.2448,10.5613,10.8658,11.1366,11.3480,11.5113,11.6481,11.7389,11.7728,11.7523,11.6914,11.5802,11.4154,11.2074,10.9651,10.7089,10.4407,10.1641,9.8822,9.6084,9.3503,9.0805,8.7719,8.4293,8.0716,7.7375,7.4587,7.2096,6.9572,6.7032,6.4533,6.1898,5.8993,5.6095,5.3486,5.0973,4.8333,4.5697,4.3249,4.1067,3.9149,3.7269,3.5259,3.3389,3.1919,3.0640,2.9299,2.7958,2.6731,2.5624,2.4615,2.3684,2.2789,2.1802,2.0665,1.9676,1.9103,1.8726,1.8279,1.7782,1.7306,1.6845,1.6383,1.5919,1.5458,1.5002,1.4548,1.4097,1.3650,1.3207,1.2767,1.2331,1.1900,1.1473,1.1051,1.0633,1.0221,0.9813,0.9411,0.9014,0.8623,0.8238,0.7859,0.7486,0.7119,0.6759,0.6406,0.6059,0.5720,0.5388,0.5063,0.4746,0.4437,0.4135,0.3843,0.3558,0.3282,0.3015,0.2757,0.2509,0.2269,0.2039,0.1819,0.1609,0.1409,0.1219,0.1039,0.0876,0.0717,0.0568,0.0432,0.0306,0.0192,0.0090,0.0000
0.0000,-0.0005,0.0001,0.0019,0.0050,0.0093,0.0150,0.0220,0.0306,0.0406,0.0523,0.0658,0.0809,0.0980,0.1169,0.1376,0.1601,0.1844,0.2104,0.2378,0.2669,0.2972,0.3290,0.3621,0.3966,0.4327,0.4703,0.5104,0.5524,0.5974,0.6448,0.6957,0.7495,0.8079,0.8707,0.9358,1.0011,1.0833,1.1915,1.3124,1.4234,1.5333,1.6395,1.7463,1.8413,1.9317,2.0095,2.0717,2.1111,2.1315,2.1352,2.1229,2.0983,2.0750,2.0659,2.0660,2.0686,2.0767,2.0974,2.1253,2.1574,2.1947,2.2425,2.3012,2.3710,2.4477,2.5274,2.6135,2.7114,2.8230,2.9473,3.0863,3.2421,3.4056,3.5718,3.7536,3.9676,4.1924,4.4059,4.6275,4.8814,5.1583,5.4428,5.7298,6.0185,6.3129,6.6182,6.9388,7.2823,7.6367,7.9901,8.3460,8.7124,9.0741,9.4128,9.7346,10.0524,10.3630,10.6618,10.9274,11.1348,11.2950,11.4292,11.5183,11.5515,11.5314,11.4716,11.3625,11.2007,10.9966,10.7589,10.5074,10.2443,9.9729,9.6963,9.4277,9.1744,8.9096,8.6068,8.2707,7.9197,7.5918,7.3183,7.0739,6.8262,6.5770,6.3318,6.0732,5.7882,5.5038,5.2478,5.0013,4.7423,4.4837,4.2434,4.0293,3.8411,3.6567,3.4595,3.2759,3.1318,3.0063,2.8747,2.7431,2.6228,2.5141,2.4151,2.3238,2.2360,2.1391,2.0275,1.9305,1.8743,1.8373,1.7935,1.7447,1.6980,1.6528,1.6074,1.5619,1.5167,1.4719,1.4274,1.3832,1.3393,1.2958,1.2527,1.2099,1.1676,1.1257,1.0843,1.0433,1.0028,0.9628,0.9234,0.8844,0.8461,0.8083,0.7711,0.7345,0.6985,0.6632,0.6285,0.5945,0.5612,0.5286,0.4967,0.4656,0.4353,0.4057,0.3770,0.3491,0.3220,0.2958,0.2705,0.2461,0.2226,0.2001,0.1785,0.1578,0.1382,0.1196,0.1026,0.0859,0.0703,0.0558,0.0423,0.0300,0.0189,0.0088,0.0000
0.0000,-0.0005,0.0001,0.0019,0.0050,0.0093,0.0150,0.0222,0.0307,0.0409,0.0527,0.0662,0.0814,0.0986,0.1176,0.1384,0.1611,0.1855,0.2117,0.2393,0.2685,0.2990,0.3310,0.3643,0.3991,0.4354,0.4732,0.5135,0.5558,0.6011,0.6488,0.7000,0.7541,0.8129,0.8760,0.9415,1.0072,1.0900,1.1988,1.3204,1.4321,1.5428,1.6496,1.7571,1.8527,1.9438,2.0221,2.0848,2.1245,2.1451,2.1489,2.1367,2.1121,2.0888,2.0798,2.0800,2.0827,2.0910,2.1121,2.1403,2.1727,2.2104,2.2586,2.3178,2.3882,2.4656,2.5459,2.6326,2.7314,2.8438,2.9691,3.1091,3.2660,3.4308,3.5982,3.7813,3.9969,4.2233,4.4384,4.6615,4.9173,5.1961,5.4826,5.7716,6.0624,6.3587,6.6661,6.9889,7.3348,7.6915,8.0473,8.4055,8.7743,9.1384,9.4792,9.8032,10.1230,10.4355,10.7362,11.0035,11.2121,11.3732,11.5081,11.5976,11.6309,11.6105,11.5501,11.4401,11.2772,11.0716,10.8321,10.5789,10.3138,10.0405,9.7619,9.4914,9.2363,8.9696,8.6648,8.3263,7.9729,7.6427,7.3673,7.1212,6.8718,6.6208,6.3740,6.1136,5.8267,5.5404,5.2826,5.0345,4.7737,4.5133,4.2714,4.0560,3.8665,3.6808,3.4823,3.2976,3.1524,3.0261,2.8937,2.7612,2.6401,2.5307,2.4311,2.3391,2.2507,2.1533,2.0409,1.9433,1.8866,1.8495,1.8053,1.7562,1.7092,1.6637,1.6180,1.5722,1.5267,1.4816,1.4368,1.3923,1.3481,1.3044,1.2609,1.2179,1.1753,1.1331,1.0914,1.0502,1.0094,0.9692,0.9294,0.8903,0.8516,0.8136,0.7761,0.7393,0.7031,0.6675,0.6326,0.5984,0.5649,0.5321,0.5000,0.4687,0.4382,0.4084,0.3795,0.3514,0.3242,0.2978,0.2723,0.2477,0.2241,0.2014,0.1797,0.1589,0.1391,0.1204,0.1026,0.0865,0.0708,0.0561,0.0426,0.0302,0.0190,0.0089,0.0000
0.0000,-0.0004,0.0001,0.0014,0.0037,0.0069,0.0111,0.0164,0.0227,0.0302,0.0389,0.0489,0.0602,0.0729,0.0869,0.1023,0.1191,0.1371,0.1564,0.1768,0.1984,0.2209,0.2446,0.2692,0.2948,0.3217,0.3496,0.3794,0.4106,0.4440,0.4792,0.5170,0.5570,0.6004,0.6470,0.6954,0.7439,0.8050,0.8853,0.9751,1.0576,1.1393,1.2182,1.2976,1.3682,1.4356,1.4935,1.5399,1.5693,1.5847,1.5877,1.5790,1.5610,1.5441,1.5378,1.5383,1.5407,1.5472,1.5631,1.5843,1.6087,1.6369,1.6729,1.7171,1.7695,1.8270,1.8868,1.9513,2.0247,2.1082,2.2012,2.3053,2.4218,2.5441,2.6684,2.8043,2.9643,3.1323,3.2920,3.4576,3.6474,3.8543,4.0669,4.2813,4.4970,4.7169,4.9450,5.1844,5.4410,5.7055,5.9695,6.2352,6.5087,6.7789,7.0314,7.2716,7.5088,7.7405,7.9634,8.1616,8.3162,8.4356,8.5356,8.6018,8.6264,8.6112,8.5664,8.4847,8.3638,8.2112,8.0336,7.8457,7.6491,7.4463,7.2397,7.0390,6.8498,6.6520,6.4258,6.1748,5.9126,5.6677,5.4635,5.2809,5.0959,4.9097,4.7267,4.5336,4.3207,4.1084,3.9173,3.7332,3.5398,3.3467,3.1673,3.0075,2.8671,2.7294,2.5822,2.4452,2.3375,2.2439,2.1457,2.0474,1.9576,1.8765,1.8026,1.7345,1.6689,1.5966,1.5133,1.4409,1.3989,1.3714,1.3387,1.3022,1.2674,1.2336,1.1998,1.1658,1.1320,1.0986,1.0654,1.0324,0.9996,0.9672,0.9350,0.9030,0.8715,0.8402,0.8093,0.7787,0.7485,0.7186,0.6892,0.6601,0.6315,0.6033,0.5755,0.5482,0.5214,0.4950,0.4691,0.4437,0.4189,0.3946,0.3707,0.3475,0.3249,0.3028,0.2814,0.2606,0.2404,0.2208,0.2019,0.1837,0.1662,0.1493,0.1332,0.1178,0.1032,0.0898,0.0766,0.0641,0.0525,0.0416,0.0316,0.0224,0.0141,0.0066,0.0000
0.0000,-0.0004,0.0001,0.0017,0.0043,0.0080,0.0129,0.0190,0.0263,0.0350,0.0451,0.0567,0.0697,0.0844,0.1007,0.1185,0.1379,0.1588,0.1812,0.2048,0.2298,0.2559,0.2832,0.3117,0.3415,0.3725,0.4049,0.4393,0.4755,0.5142,0.5550,0.5988,0.6450,0.6953,0.7493,0.8053,0.8615,0.9323,1.0253,1.1294,1.2249,1.3197,1.4111,1.5031,1.5850,1.6631,1.7304,1.7843,1.8185,1.8366,1.8403,1.8304,1.8099,1.7905,1.7834,1.7842,1.7873,1.7951,1.8138,1.8387,1.8671,1.9001,1.9421,1.9935,2.0545,2.1214,2.1909,2.2659,2.3512,2.4482,2.5563,2.6771,2.8124,2.9545,3.0988,3.2566,3.4424,3.6374,3.8227,4.0149,4.2352,4.4753,4.7220,4.9707,5.2210,5.4760,5.7405,6.0182,6.3157,6.6225,6.9285,7.2365,7.5535,7.8665,8.1594,8.4377,8.7125,8.9809,9.2392,9.4687,9.6477,9.7859,9.9014,9.9780,10.0062,9.9882,9.9359,9.8410,9.7005,9.5234,9.3172,9.0991,8.8709,8.6356,8.3958,8.1629,7.9433,7.7137,7.4514,7.1601,6.8560,6.5719,6.3349,6.1231,5.9085,5.6926,5.4802,5.2563,5.0094,4.7632,4.5415,4.3281,4.1038,3.8799,3.6719,3.4866,3.3238,3.1641,2.9935,2.8346,2.7098,2.6013,2.4874,2.3735,2.2694,2.1754,2.0897,2.0107,1.9347,1.8509,1.7544,1.6704,1.6218,1.5898,1.5518,1.5096,1.4692,1.4301,1.3908,1.3514,1.3123,1.2736,1.2351,1.1968,1.1588,1.1212,1.0839,1.0469,1.0103,0.9740,0.9381,0.9027,0.8677,0.8331,0.7989,0.7653,0.7321,0.6993,0.6672,0.6355,0.6044,0.5738,0.5438,0.5144,0.4856,0.4574,0.4298,0.4029,0.3767,0.3511,0.3262,0.3021,0.2786,0.2560,0.2341,0.2130,0.1926,0.1731,0.1544,0.1366,0.1196,0.1035,0.0888,0.0743,0.0608,0.0483,0.0366,0.0260,0.0163,0.0077,0.0000
0.0000,-0.0004,0.0001,0.0014,0.0036,0.0067,0.0108,0.0159,0.0220,0.0292,0.0377,0.0473,0.0582,0.0705,0.0841,0.0989,0.1152,0.1326,0.1513,0.1710,0.1919,0.2136,0.2364,0.2602,0.2850,0.3109,0.3379,0.3666,0.3968,0.4291,0.4631,0.4996,0.5382,0.5801,0.6252,0.6719,0.7188,0.7779,0.8555,0.9423,1.0221,1.1011,1.1774,1.2543,1.3227,1.3880,1.4443,1.4894,1.5182,1.5336,1.5370,1.5291,1.5123,1.4966,1.4911,1.4923,1.4953,1.5023,1.5184,1.5397,1.5640,1.5920,1.6275,1.6709,1.7224,1.7788,1.8373,1.9004,1.9721,2.0537,2.1446,2.2461,2.3597,2.4790,2.6002,2.7327,2.8886,3.0523,3.2078,3.3690,3.5538,3.7551,3.9620,4.1706,4.3804,4.5942,4.8159,5.0486,5.2979,5.5549,5.8113,6.0693,6.3348,6.5971,6.8421,7.0751,7.3050,7.5297,7.7457,7.9377,8.0874,8.2027,8.2992,8.3630,8.3863,8.3709,8.3268,8.2470,8.1290,7.9803,7.8073,7.6244,7.4330,7.2356,7.0345,6.8392,6.6551,6.4626,6.2426,5.9984,5.7435,5.5053,5.3067,5.1291,4.9493,4.7683,4.5903,4.4026,4.1958,3.9894,3.8037,3.6249,3.4370,3.2494,3.0752,2.9200,2.7835,2.6498,2.5069,2.3739,2.2694,2.1784,2.0831,1.9877,1.9005,1.8218,1.7500,1.6839,1.6202,1.5500,1.4692,1.3989,1.3581,1.3314,1.2996,1.2642,1.2304,1.1976,1.1647,1.1317,1.0990,1.0666,1.0343,1.0022,0.9705,0.9389,0.9077,0.8767,0.8460,0.8157,0.7856,0.7559,0.7266,0.6976,0.6690,0.6408,0.6130,0.5856,0.5587,0.5322,0.5061,0.4805,0.4554,0.4308,0.4066,0.3830,0.3599,0.3374,0.3154,0.2940,0.2732,0.2530,0.2333,0.2143,0.1960,0.1783,0.1613,0.1450,0.1293,0.1144,0.1008,0.0872,0.0743,0.0622,0.0509,0.0404,0.0307,0.0218,0.0137,0.0064,0.0000
0.0000,-0.0004,0.0001,0.0014,0.0037,0.0070,0.0113,0.0166,0.0230,0.0306,0.0394,0.0495,0.0609,0.0737,0.0879,0.1035,0.1205,0.1387,0.1582,0.1789,0.2007,0.2234,0.2473,0.2721,0.2981,0.3251,0.3534,0.3834,0.4149,0.4487,0.4843,0.5225,0.5628,0.6066,0.6537,0.7026,0.7516,0.8134,0.8946,0.9854,1.0688,1.1515,1.2314,1.3118,1.3835,1.4520,1.5110,1.5585,1.5890,1.6054,1.6093,1.6014,1.5843,1.5683,1.5631,1.5648,1.5685,1.5763,1.5938,1.6165,1.6424,1.6722,1.7099,1.7559,1.8103,1.8698,1.9315,1.9981,2.0737,2.1596,2.2553,2.3621,2.4817,2.6072,2.7347,2.8740,3.0380,3.2101,3.3735,3.5430,3.7372,3.9487,4.1661,4.3851,4.6054,4.8298,5.0626,5.3068,5.5684,5.8381,6.1070,6.3776,6.6561,6.9311,7.1879,7.4321,7.6730,7.9084,8.1347,8.3357,8.4923,8.6129,8.7137,8.7802,8.8041,8.7875,8.7408,8.6566,8.5324,8.3761,8.1943,8.0020,7.8009,7.5935,7.3822,7.1770,6.9835,6.7813,6.5502,6.2938,6.0262,5.7761,5.5675,5.3810,5.1922,5.0022,4.8153,4.6183,4.4012,4.1847,3.9897,3.8021,3.6049,3.4081,3.2254,3.0625,2.9194,2.7791,2.6292,2.4896,2.3800,2.2847,2.1847,2.0847,1.9932,1.9106,1.8354,1.7660,1.6992,1.6256,1.5408,1.4671,1.4243,1.3963,1.3629,1.3259,1.2904,1.2560,1.2215,1.1869,1.1526,1.1185,1.0847,1.0511,1.0178,0.9847,0.9519,0.9194,0.8873,0.8554,0.8239,0.7928,0.7620,0.7316,0.7017,0.6721,0.6429,0.6142,0.5859,0.5581,0.5308,0.5039,0.4776,0.4518,0.4265,0.4017,0.3775,0.3538,0.3308,0.3083,0.2865,0.2653,0.2447,0.2248,0.2056,0.1870,0.1692,0.1520,0.1356,0.1199,0.1050,0.0914,0.0779,0.0653,0.0534,0.0424,0.0322,0.0228,0.0143,0.0067,0.0000
0.0000,-0.0004,0.0001,0.0016,0.0041,0.0077,0.0124,0.0182,0.0253,0.0336,0.0433,0.0544,0.0670,0.0810,0.0966,0.1137,0.1324,0.1524,0.1738,0.1965,0.2204,0.2454,0.2716,0.2989,0.3273,0.3570,0.3880,0.4210,0.4556,0.4926,0.5317,0.5736,0.6179,0.6660,0.7178,0.7714,0.8252,0.8930,0.9822,1.0820,1.1736,1.2645,1.3523,1.4408,1.5197,1.5951,1.6602,1.7127,1.7465,1.7650,1.7698,1.7617,1.7435,1.7265,1.7213,1.7239,1.7286,1.7379,1.7577,1.7834,1.8125,1.8459,1.8880,1.9391,1.9995,2.0656,2.1340,2.2078,2.2916,2.3867,2.4925,2.6107,2.7429,2.8817,3.0226,3.1765,3.3576,3.5477,3.7282,3.9152,4.1295,4.3630,4.6028,4.8444,5.0873,5.3346,5.5911,5.8602,6.1484,6.4455,6.7416,7.0396,7.3461,7.6485,7.9313,8.1998,8.4647,8.7235,8.9722,9.1930,9.3648,9.4970,9.6073,9.6799,9.7055,9.6866,9.6345,9.5411,9.4038,9.2310,9.0302,8.8180,8.5960,8.3670,8.1339,7.9074,7.6939,7.4708,7.2159,6.9331,6.6380,6.3622,6.1322,5.9266,5.7184,5.5089,5.3029,5.0857,4.8465,4.6079,4.3931,4.1863,3.9692,3.7524,3.5511,3.3717,3.2141,3.0596,2.8945,2.7409,2.6202,2.5152,2.4051,2.2950,2.1943,2.1034,2.0206,1.9442,1.8707,1.7897,1.6963,1.6151,1.5680,1.5371,1.5004,1.4596,1.4205,1.3827,1.3447,1.3066,1.2688,1.2314,1.1941,1.1571,1.1204,1.0840,1.0479,1.0122,0.9768,0.9417,0.9070,0.8728,0.8389,0.8054,0.7724,0.7399,0.7078,0.6761,0.6450,0.6144,0.5843,0.5547,0.5257,0.4973,0.4695,0.4422,0.4155,0.3895,0.3641,0.3394,0.3154,0.2920,0.2694,0.2475,0.2263,0.2059,0.1862,0.1674,0.1493,0.1320,0.1156,0.1006,0.0858,0.0719,0.0588,0.0467,0.0354,0.0251,0.0158,0.0074,0.0000
0.0000,-0.0004,0.0001,0.0014,0.0035,0.0066,0.0106,0.0156,0.0217,0.0288,0.0371,0.0466,0.0574,0.0695,0.0829,0.0975,0.1135,0.1307,0.1490,0.1685,0.1890,0.2104,0.2328,0.2561,0.2805,0.3060,0.3325,0.3607,0.3903,0.4221,0.4555,0.4914,0.5293,0.5706,0.6149,0.6608,0.7069,0.7650,0.8414,0.9269,1.0054,1.0833,1.1586,1.2345,1.3023,1.3671,1.4232,1.4685,1.4979,1.5142,1.5188,1.5124,1.4974,1.4835,1.4798,1.4827,1.4874,1.4961,1.5139,1.5367,1.5624,1.5917,1.6285,1.6730,1.7255,1.7829,1.8423,1.9063,1.9788,2.0611,2.1526,2.2548,2.3691,2.4889,2.6106,2.7435,2.8998,3.0638,3.2194,3.3807,3.5654,3.7666,3.9731,4.1812,4.3903,4.6031,4.8238,5.0552,5.3030,5.5584,5.8129,6.0688,6.3321,6.5920,6.8344,7.0647,7.2919,7.5137,7.7269,7.9160,8.0629,8.1757,8.2697,8.3312,8.3525,8.3354,8.2898,8.2088,8.0901,7.9409,7.7677,7.5847,7.3933,7.1960,6.9950,6.7998,6.6158,6.4235,6.2040,5.9605,5.7064,5.4691,5.2710,5.0940,4.9147,4.7344,4.5571,4.3703,4.1645,3.9593,3.7746,3.5968,3.4101,3.2237,3.0507,2.8965,2.7610,2.6283,2.4864,2.3544,2.2508,2.1605,2.0660,1.9714,1.8849,1.8068,1.7357,1.6700,1.6069,1.5373,1.4571,1.3874,1.3469,1.3204,1.2888,1.2538,1.2202,1.1877,1.1551,1.1224,1.0899,1.0577,1.0257,0.9939,0.9624,0.9311,0.9001,0.8694,0.8390,0.8089,0.7791,0.7497,0.7206,0.6918,0.6635,0.6355,0.6079,0.5808,0.5540,0.5277,0.5019,0.4765,0.4516,0.4272,0.4032,0.3798,0.3569,0.3346,0.3128,0.2915,0.2709,0.2508,0.2314,0.2125,0.1944,0.1768,0.1600,0.1438,0.1282,0.1134,0.0999,0.0864,0.0737,0.0617,0.0505,0.0401,0.0304,0.0216,0.0136,0.0064,0.0000
0.0000,-0.0003,0.0001,0.0011,0.0029,0.0055,0.0088,0.0130,0.0180,0.0239,0.0308,0.0387,0.0476,0.0576,0.0687,0.0809,0.0941,0.1083,0.1236,0.1396,0.1566,0.1743,0.1929,0.2123,0.2324,0.2535,0.2754,0.2988,0.3233,0.3496,0.3773,0.4070,0.4384,0.4725,0.5092,0.5473,0.5854,0.6335,0.6968,0.7676,0.8326,0.8972,0.9596,1.0226,1.0789,1.1328,1.1795,1.2173,1.2420,1.2560,1.2603,1.2555,1.2436,1.2327,1.2303,1.2334,1.2380,1.2459,1.2613,1.2809,1.3029,1.3278,1.3590,1.3966,1.4407,1.4889,1.5388,1.5924,1.6531,1.7220,1.7986,1.8840,1.9794,2.0795,2.1811,2.2920,2.4224,2.5592,2.6889,2.8232,2.9771,3.1446,3.3166,3.4896,3.6635,3.8404,4.0237,4.2160,4.4218,4.6338,4.8449,5.0572,5.2755,5.4909,5.6917,5.8823,6.0703,6.2538,6.4301,6.5863,6.7074,6.8002,6.8774,6.9276,6.9444,6.9293,6.8906,6.8226,6.7233,6.5988,6.4544,6.3018,6.1423,5.9779,5.8105,5.6479,5.4946,5.3345,5.1518,4.9492,4.7379,4.5405,4.3757,4.2284,4.0794,3.9294,3.7820,3.6267,3.4557,3.2853,3.1318,2.9841,2.8291,2.6744,2.5307,2.4027,2.2903,2.1801,2.0624,1.9529,1.8669,1.7921,1.7136,1.6352,1.5634,1.4986,1.4396,1.3852,1.3328,1.2751,1.2085,1.1507,1.1172,1.0952,1.0690,1.0399,1.0121,0.9851,0.9581,0.9309,0.9040,0.8773,0.8508,0.8244,0.7982,0.7723,0.7466,0.7211,0.6959,0.6709,0.6462,0.6218,0.5976,0.5738,0.5503,0.5271,0.5042,0.4817,0.4595,0.4377,0.4163,0.3952,0.3745,0.3543,0.3344,0.3150,0.2960,0.2775,0.2594,0.2418,0.2247,0.2080,0.1919,0.1763,0.1612,0.1467,0.1327,0.1192,0.1064,0.0946,0.0829,0.0717,0.0611,0.0512,0.0419,0.0332,0.0252,0.0179,0.0112,0.0053,0.0000
0.0000,-0.0002,0.0000,0.0008,0.0021,0.0040,0.0064,0.0094,0.0131,0.0174,0.0224,0.0281,0.0346,0.0419,0.0499,0.0588,0.0684,0.0787,0.0897,0.1014,0.1138,0.1266,0.1401,0.1541,0.1687,0.1840,0.1999,0.2169,0.2346,0.2537,0.2738,0.2953,0.3181,0.3428,0.3695,0.3971,0.4247,0.4596,0.5056,0.5569,0.6041,0.6510,0.6964,0.7422,0.7832,0.8224,0.8565,0.8843,0.9025,0.9130,0.9166,0.9135,0.9054,0.8979,0.8967,0.8995,0.9034,0.9097,0.9214,0.9362,0.9527,0.9713,0.9944,1.0222,1.0547,1.0902,1.1269,1.1662,1.2108,1.2613,1.3173,1.3798,1.4497,1.5229,1.5971,1.6781,1.7733,1.8731,1.9676,2.0655,2.1776,2.2996,2.4248,2.5506,2.6770,2.8055,2.9385,3.0781,3.2273,3.3811,3.5341,3.6878,3.8459,4.0017,4.1471,4.2845,4.4202,4.5526,4.6798,4.7923,4.8792,4.9457,5.0007,5.0363,5.0475,5.0357,5.0068,4.9567,4.8838,4.7928,4.6874,4.5761,4.4598,4.3399,4.2179,4.0995,3.9878,3.8711,3.7381,3.5908,3.4370,3.2935,3.1737,3.0665,2.9581,2.8491,2.7420,2.6291,2.5050,2.3812,2.2698,2.1626,2.0501,1.9379,1.8337,1.7409,1.6593,1.5794,1.4941,1.4148,1.3525,1.2983,1.2414,1.1846,1.1326,1.0857,1.0429,1.0035,0.9655,0.9237,0.8755,0.8336,0.8093,0.7933,0.7744,0.7533,0.7331,0.7136,0.6940,0.6744,0.6548,0.6355,0.6163,0.5972,0.5782,0.5595,0.5408,0.5224,0.5041,0.4860,0.4681,0.4504,0.4329,0.4157,0.3986,0.3818,0.3652,0.3489,0.3329,0.3171,0.3015,0.2863,0.2713,0.2566,0.2423,0.2282,0.2144,0.2010,0.1879,0.1751,0.1627,0.1507,0.1390,0.1277,0.1168,0.1062,0.0967,0.0869,0.0775,0.0686,0.0600,0.0519,0.0443,0.0371,0.0303,0.0241,0.0183,0.0130,0.0081,0.0038,0.0000
0.0000,-0.0002,0.0000,0.0007,0.0018,0.0034,0.0055,0.0080,0.0111,0.0148,0.0191,0.0240,0.0295,0.0357,0.0425,0.0501,0.0583,0.0671,0.0764,0.0864,0.0969,0.1078,0.1193,0.1312,0.1437,0.1566,0.1702,0.1846,0.1997,0.2159,0.2330,0.2513,0.2707,0.2917,0.3144,0.3379,0.3614,0.3911,0.4302,0.4740,0.5142,0.5541,0.5928,0.6319,0.6669,0.7005,0.7297,0.7536,0.7694,0.7787,0.7821,0.7799,0.7734,0.7675,0.7669,0.7698,0.7737,0.7795,0.7900,0.8031,0.8176,0.8339,0.8540,0.8781,0.9062,0.9369,0.9685,1.0024,1.0407,1.0841,1.1323,1.1859,1.2458,1.3086,1.3722,1.4415,1.5230,1.6084,1.6892,1.7728,1.8685,1.9727,2.0794,2.1867,2.2943,2.4036,2.5167,2.6353,2.7622,2.8928,3.0226,3.1531,3.2870,3.4190,3.5420,3.6586,3.7729,3.8848,3.9921,4.0868,4.1599,4.2154,4.2613,4.2906,4.2993,4.2884,4.2630,4.2196,4.1570,4.0789,3.9888,3.8935,3.7941,3.6917,3.5874,3.4862,3.3908,3.2912,3.1777,3.0520,2.9210,2.7987,2.6965,2.6052,2.5128,2.4199,2.3287,2.2326,2.1270,2.0217,1.9269,1.8358,1.7402,1.6448,1.5562,1.4774,1.4081,1.3403,1.2679,1.2005,1.1476,1.1016,1.0534,1.0051,0.9610,0.9212,0.8849,0.8515,0.8192,0.7838,0.7429,0.7073,0.6867,0.6732,0.6571,0.6392,0.6221,0.6055,0.5889,0.5722,0.5556,0.5392,0.5229,0.5067,0.4906,0.4747,0.4589,0.4432,0.4277,0.4123,0.3972,0.3821,0.3673,0.3527,0.3382,0.3240,0.3099,0.2960,0.2824,0.2690,0.2558,0.2429,0.2302,0.2177,0.2055,0.1936,0.1819,0.1705,0.1594,0.1486,0.1381,0.1279,0.1179,0.1083,0.0997,0.0907,0.0820,0.0737,0.0658,0.0582,0.0509,0.0441,0.0376,0.0315,0.0257,0.0204,0.0155,0.0110,0.0069,0.0032,0.0000
0.0000,-0.0001,0.0000,0.0004,0.0011,0.0020,0.0032,0.0048,0.0066,0.0088,0.0113,0.0142,0.0175,0.0211,0.0252,0.0296,0.0345,0.0397,0.0452,0.0511,0.0573,0.0638,0.0705,0.0776,0.0849,0.0926,0.1006,0.1091,0.1180,0.1276,0.1377,0.1485,0.1600,0.1724,0.1858,0.1997,0.2136,0.2312,0.2543,0.2802,0.3040,0.3277,0.3506,0.3738,0.3945,0.4146,0.4320,0.4463,0.4559,0.4616,0.4639,0.4629,0.4594,0.4562,0.4562,0.4583,0.4609,0.4647,0.4712,0.4793,0.4882,0.4981,0.5103,0.5248,0.5418,0.5601,0.5791,0.5994,0.6223,0.6482,0.6769,0.7088,0.7445,0.7818,0.8196,0.8608,0.9092,0.9598,1.0077,1.0572,1.1138,1.1754,1.2384,1.3017,1.3651,1.4295,1.4960,1.5657,1.6403,1.7169,1.7931,1.8695,1.9480,2.0252,2.0971,2.1650,2.2319,2.2971,2.3593,2.4143,2.4565,2.4884,2.5146,2.5311,2.5354,2.5283,2.5126,2.4864,2.4490,2.4025,2.3490,2.2925,2.2335,2.1728,2.1111,2.0512,1.9947,1.9357,1.8686,1.7944,1.7171,1.6449,1.5846,1.5306,1.4761,1.4213,1.3675,1.3109,1.2487,1.1868,1.1310,1.0774,1.0211,0.9651,0.9130,0.8667,0.8260,0.7862,0.7437,0.7041,0.6731,0.6461,0.6178,0.5895,0.5637,0.5403,0.5190,0.4994,0.4805,0.4597,0.4357,0.4148,0.4027,0.3948,0.3854,0.3749,0.3648,0.3551,0.3454,0.3356,0.3259,0.3162,0.3067,0.2972,0.2877,0.2784,0.2691,0.2599,0.2508,0.2418,0.2329,0.2241,0.2154,0.2068,0.1983,0.1900,0.1817,0.1736,0.1656,0.1578,0.1500,0.1424,0.1350,0.1277,0.1205,0.1135,0.1067,0.1006,0.0941,0.0877,0.0815,0.0754,0.0696,0.0639,0.0585,0.0532,0.0481,0.0432,0.0386,0.0341,0.0299,0.0258,0.0220,0.0184,0.0151,0.0120,0.0091,0.0065,0.0041,0.0025,0.0000
0.0000,-0.0001,0.0000,0.0005,0.0012,0.0023,0.0036,0.0054,0.0074,0.0099,0.0127,0.0160,0.0197,0.0238,0.0284,0.0334,0.0388,0.0447,0.0509,0.0576,0.0645,0.0718,0.0794,0.0873,0.0956,0.1042,0.1132,0.1228,0.1328,0.1435,0.1549,0.1671,0.1799,0.1939,0.2090,0.2246,0.2402,0.2600,0.2860,0.3151,0.3419,0.3685,0.3944,0.4205,0.4440,0.4666,0.4864,0.5027,0.5137,0.5204,0.5233,0.5224,0.5187,0.5155,0.5159,0.5185,0.5218,0.5265,0.5342,0.5436,0.5539,0.5654,0.5794,0.5960,0.6153,0.6363,0.6578,0.6809,0.7068,0.7362,0.7687,0.8049,0.8453,0.8874,0.9301,0.9766,1.0311,1.0882,1.1421,1.1977,1.2614,1.3306,1.4014,1.4724,1.5434,1.6155,1.6899,1.7678,1.8511,1.9367,2.0216,2.1068,2.1942,2.2801,2.3600,2.4354,2.5095,2.5818,2.6506,2.7113,2.7577,2.7926,2.8211,2.8387,2.8428,2.8340,2.8158,2.7858,2.7433,2.6908,2.6304,2.5667,2.5003,2.4319,2.3624,2.2950,2.2314,2.1651,2.0897,2.0064,1.9196,1.8385,1.7709,1.7103,1.6491,1.5877,1.5274,1.4640,1.3943,1.3249,1.2625,1.2025,1.1397,1.0770,1.0188,0.9671,0.9216,0.8771,0.8297,0.7855,0.7509,0.7208,0.6892,0.6577,0.6288,0.6027,0.5790,0.5571,0.5360,0.5128,0.4860,0.4628,0.4493,0.4404,0.4299,0.4182,0.4070,0.3961,0.3853,0.3743,0.3635,0.3528,0.3421,0.3315,0.3210,0.3105,0.3002,0.2899,0.2798,0.2698,0.2598,0.2500,0.2403,0.2307,0.2212,0.2119,0.2027,0.1937,0.1847,0.1760,0.1674,0.1589,0.1506,0.1424,0.1345,0.1266,0.1190,0.1115,0.1043,0.0978,0.0909,0.0841,0.0776,0.0713,0.0652,0.0593,0.0537,0.0482,0.0430,0.0380,0.0333,0.0288,0.0246,0.0206,0.0168,0.0134,0.0101,0.0072,0.0045,0.0021,0.0000
0.0000,-0.0001,0.0000,0.0002,0.0005,0.0009,0.0015,0.0022,0.0031,0.0041,0.0052,0.0066,0.0081,0.0098,0.0117,0.0137,0.0160,0.0184,0.0210,0.0237,0.0266,0.0295,0.0327,0.0359,0.0393,0.0429,0.0466,0.0505,0.0546,0.0590,0.0637,0.0687,0.0740,0.0797,0.0859,0.0924,0.0988,0.1069,0.1176,0.1296,0.1407,0.1517,0.1623,0.1731,0.1829,0.1923,0.2005,0.2074,0.2121,0.2150,0.2164,0.2162,0.2149,0.2138,0.2141,0.2154,0.2170,0.2191,0.2225,0.2266,0.2310,0.2359,0.2419,0.2489,0.2570,0.2657,0.2747,0.2843,0.2951,0.3073,0.3208,0.3358,0.3525,0.3700,0.3876,0.4067,0.4292,0.4528,0.4749,0.4977,0.5238,0.5522,0.5812,0.6101,0.6391,0.6684,0.6987,0.7303,0.7641,0.7988,0.8332,0.8676,0.9029,0.9375,0.9696,0.9999,1.0296,1.0585,1.0862,1.1105,1.1288,1.1425,1.1532,1.1598,1.1609,1.1569,1.1489,1.1363,1.1186,1.0968,1.0719,1.0457,1.0183,0.9902,0.9616,0.9339,0.9078,0.8806,0.8497,0.8156,0.7801,0.7470,0.7193,0.6945,0.6695,0.6444,0.6198,0.5939,0.5655,0.5373,0.5119,0.4875,0.4619,0.4364,0.4128,0.3918,0.3733,0.3553,0.3360,0.3182,0.3041,0.2919,0.2791,0.2664,0.2547,0.2441,0.2345,0.2256,0.2171,0.2077,0.1968,0.1874,0.1820,0.1784,0.1741,0.1694,0.1648,0.1604,0.1560,0.1516,0.1472,0.1429,0.1385,0.1342,0.1300,0.1258,0.1216,0.1174,0.1133,0.1092,0.1052,0.1012,0.0979,0.0940,0.0902,0.0864,0.0826,0.0789,0.0753,0.0717,0.0682,0.0647,0.0614,0.0580,0.0548,0.0516,0.0485,0.0454,0.0425,0.0396,0.0368,0.0341,0.0314,0.0289,0.0264,0.0240,0.0217,0.0195,0.0174,0.0154,0.0135,0.0117,0.0100,0.0083,0.0068,0.0054,0.0041,0.0029,0.0024,0.0011,0.0000
0.0000,-0.0000,0.0000,0.0001,0.0002,0.0004,0.0006,0.0008,0.0012,0.0015,0.0020,0.0025,0.0030,0.0037,0.0044,0.0052,0.0060,0.0069,0.0079,0.0089,0.0100,0.0111,0.0123,0.0135,0.0148,0.0161,0.0175,0.0190,0.0205,0.0222,0.0240,0.0258,0.0278,0.0300,0.0323,0.0347,0.0372,0.0402,0.0443,0.0488,0.0529,0.0571,0.0611,0.0652,0.0689,0.0725,0.0756,0.0783,0.0801,0.0812,0.0818,0.0819,0.0814,0.0811,0.0813,0.0819,0.0826,0.0834,0.0848,0.0864,0.0881,0.0900,0.0923,0.0950,0.0981,0.1015,0.1049,0.1085,0.1126,0.1172,0.1224,0.1280,0.1343,0.1409,0.1475,0.1547,0.1632,0.1720,0.1803,0.1888,0.1986,0.2092,0.2200,0.2307,0.2415,0.2523,0.2635,0.2752,0.2877,0.3005,0.3132,0.3258,0.3388,0.3515,0.3632,0.3742,0.3851,0.3956,0.4056,0.4144,0.4210,0.4258,0.4297,0.4320,0.4322,0.4305,0.4274,0.4226,0.4159,0.4077,0.3983,0.3885,0.3782,0.3677,0.3565,0.3462,0.3364,0.3262,0.3147,0.3019,0.2887,0.2764,0.2660,0.2568,0.2475,0.2382,0.2290,0.2194,0.2089,0.1984,0.1890,0.1799,0.1704,0.1610,0.1523,0.1445,0.1377,0.1310,0.1239,0.1173,0.1121,0.1076,0.1029,0.0982,0.0945,0.0906,0.0870,0.0837,0.0806,0.0771,0.0730,0.0695,0.0675,0.0662,0.0646,0.0628,0.0612,0.0595,0.0579,0.0562,0.0546,0.0530,0.0514,0.0498,0.0482,0.0467,0.0451,0.0436,0.0420,0.0405,0.0390,0.0376,0.0361,0.0347,0.0332,0.0318,0.0305,0.0291,0.0278,0.0264,0.0251,0.0239,0.0226,0.0214,0.0202,0.0190,0.0179,0.0168,0.0157,0.0146,0.0136,0.0126,0.0116,0.0106,0.0097,0.0089,0.0080,0.0072,0.0064,0.0057,0.0050,0.0043,0.0037,0.0031,0.0025,0.0026,0.0020,0.0014,0.0009,0.0004,0.0000
0.0000,-0.0000,0.0000,0.0000,0.0001,0.0002,0.0003,0.0004,0.0005,0.0007,0.0009,0.0012,0.0015,0.0018,0.0021,0.0025,0.0029,0.0033,0.0038,0.0042,0.0048,0.0053,0.0059,0.0064,0.0070,0.0077,0.0083,0.0090,0.0098,0.0106,0.0114,0.0123,0.0132,0.0143,0.0154,0.0165,0.0177,0.0192,0.0211,0.0232,0.0252,0.0272,0.0291,0.0311,0.0328,0.0345,0.0360,0.0373,0.0382,0.0387,0.0390,0.0390,0.0389,0.0387,0.0388,0.0391,0.0395,0.0399,0.0405,0.0413,0.0421,0.0430,0.0441,0.0454,0.0469,0.0485,0.0501,0.0519,0.0538,0.0560,0.0585,0.0611,0.0641,0.0673,0.0704,0.0738,0.0779,0.0820,0.0860,0.0900,0.0946,0.0996,0.1048,0.1099,0.1149,0.1201,0.1253,0.1309,0.1367,0.1428,0.1487,0.1547,0.1608,0.1668,0.1723,0.1775,0.1825,0.1875,0.1922,0.1963,0.1994,0.2016,0.2034,0.2044,0.2045,0.2037,0.2022,0.1999,0.1967,0.1928,0.1883,0.1836,0.1788,0.1738,0.1687,0.1638,0.1592,0.1544,0.1489,0.1429,0.1367,0.1308,0.1260,0.1216,0.1172,0.1128,0.1085,0.1039,0.0990,0.0940,0.0896,0.0853,0.0808,0.0764,0.0723,0.0686,0.0653,0.0622,0.0588,0.0557,0.0532,0.0511,0.0489,0.0466,0.0446,0.0427,0.0410,0.0395,0.0380,0.0363,0.0345,0.0328,0.0318,0.0312,0.0305,0.0296,0.0288,0.0281,0.0273,0.0265,0.0258,0.0250,0.0242,0.0235,0.0227,0.0220,0.0213,0.0205,0.0198,0.0191,0.0184,0.0177,0.0170,0.0163,0.0157,0.0150,0.0144,0.0137,0.0131,0.0125,0.0119,0.0113,0.0107,0.0101,0.0095,0.0090,0.0084,0.0079,0.0074,0.0069,0.0064,0.0059,0.0055,0.0050,0.0046,0.0042,0.0038,0.0034,0.0030,0.0027,0.0023,0.0026,0.0023,0.0019,0.0015,0.0012,0.0009,0.0007,0.0004,0.0002,0.0000
0.0000,0.0000,0.0000,0.0000,0.0000,0.0000,0.0000,0.0000,0.0000,0.0000,0.0000,0.0000,0.0000,0.0000,0.0000,0.0000,0.0000,0.0000,0.0000,0.0000,0.0000,0.0000,0.0000,0.0000,0.0000,0.0000,0.0000,0.0000,0.0000,0.0000,0.0000,0.0000,0.0000,0.0000,0.0000,0.0000,0.0000,0.0000,0.0000,0.0000,0.0000,0.0000,0.0000,0.0000,0.0000,0.0000,0.0000,0.0000,0.0000,0.0000,0.0000,0.0000,0.0000,0.0000,0.0000,0.0000,0.0000,0.0000,0.0000,0.0000,0.0000,0.0000,0.0000,0.0000,0.0000,0.0000,0.0000,0.0000,0.0000,0.0000,0.0000,0.0000,0.0000,0.0000,0.0000,0.0000,0.0000,0.0000,0.0000,0.0000,0.0000,0.0000,0.0000,0.0000,0.0000,0.0000,0.0000,0.0000,0.0000,0.0000,0.0000,0.0000,0.0000,0.0000,0.0000,0.0000,0.0000,0.0000,0.0000,0.0000,0.0000,0.0000,0.0000,0.0000,0.0000,0.0000,0.0000,0.0000,0.0000,0.0000,0.0000,0.0000,0.0000,0.0000,0.0000,0.0000,0.0000,0.0000,0.0000,0.0000,0.0000,0.0000,0.0000,0.0000,0.0000,0.0000,0.0000,0.0000,0.0000,0.0000,0.0000,0.0000,0.0000,0.0000,0.0000,0.0000,0.0000,0.0000,0.0000,0.0000,0.0000,0.0000,0.0000,0.0000,0.0000,0.0000,0.0000,0.0000,0.0000,0.0000,0.0000,0.0000,0.0000,0.0000,0.0000,0.0000,0.0000,0.0000,0.0000,0.0000,0.0000,0.0000,0.0000,0.0000,0.0000,0.0000,0.0000,0.0000,0.0000,0.0000,0.0000,0.0000,0.0000,0.0000,0.0000,0.0000,0.0000,0.0000,0.0000,0.0000,0.0000,0.0000,0.0000,0.0000,0.0000,0.0000,0.0000,0.0000,0.0000,0.0000,0.0000,0.0000,0.0000,0.0000,0.0000,0.0000,0.0000,0.0000,0.0000,0.0000,0.0000,0.0000,0.0000,0.0000,0.0000,0.0000,0.0000,0.0000,0.0000,0.0000,0.0000
0.0000,0.0000,0.0000,0.0000,0.0000,0.0000,0.0000,0.0000,0.0000,0.0000,0.0000,0.0000,0.0000,0.0000,0.0000,0.0000,0.0000,0.0000,0.0000,0.0000,0.0000,0.0000,0.0000,0.0000,0.0000,0.0000,0.0000,0.0000,0.0000,0.0000,0.0000,0.0000,0.0000,0.0000,0.0000,0.0000,0.0000,0.0000,0.0000,0.0000,0.0000,0.0000,0.0000,0.0000,0.0000,0.0000,0.0000,0.0000,0.0000,0.0000,0.0000,0.0000,0.0000,0.0000,0.0000,0.0000,0.0000,0.0000,0.0000,0.0000,0.0000,0.0000,0.0000,0.0000,0.0000,0.0000,0.0000,0.0000,0.0000,0.0000,0.0000,0.0000,0.0000,0.0000,0.0000,0.0000,0.0000,0.0000,0.0000,0.0000,0.0000,0.0000,0.0000,0.0000,0.0000,0.0000,0.0000,0.0000,0.0000,0.0000,0.0000,0.0000,0.0000,0.0000,0.0000,0.0000,0.0000,0.0000,0.0000,0.0000,0.0000,0.0000,0.0000,0.0000,0.0000,0.0000,0.0000,0.0000,0.0000,0.0000,0.0000,0.0000,0.0000,0.0000,0.0000,0.0000,0.0000,0.0000,0.0000,0.0000,0.0000,0.0000,0.0000,0.0000,0.0000,0.0000,0.0000,0.0000,0.0000,0.0000,0.0000,0.0000,0.0000,0.0000,0.0000,0.0000,0.0000,0.0000,0.0000,0.0000,0.0000,0.0000,0.0000,0.0000,0.0000,0.0000,0.0000,0.0000,0.0000,0.0000,0.0000,0.0000,0.0000,0.0000,0.0000,0.0000,0.0000,0.0000,0.0000,0.0000,0.0000,0.0000,0.0000,0.0000,0.0000,0.0000,0.0000,0.0000,0.0000,0.0000,0.0000,0.0000,0.0000,0.0000,0.0000,0.0000,0.0000,0.0000,0.0000,0.0000,0.0000,0.0000,0.0000,0.0000,0.0000,0.0000,0.0000,0.0000,0.0000,0.0000,0.0000,0.0000,0.0000,0.0000,0.0000,0.0000,0.0000,0.0000,0.0000,0.0000,0.0000,0.0000,0.0000,0.0000,0.0000,0.0000,0.0000,0.0000,0.0000,0.0000,0.0000
0.0000,0.0000,0.0000,0.0000,0.0000,0.0000,0.0000,0.0000,0.0000,0.0000,0.0000,0.0000,0.0000,0.0000,0.0000,0.0000,0.0000,0.0000,0.0000,0.0000,0.0000,0.0000,0.0000,0.0000,0.0000,0.0000,0.0000,0.0000,0.0000,0.0000,0.0000,0.0000,0.0000,0.0000,0.0000,0.0000,0.0000,0.0000,0.0000,0.0000,0.0000,0.0000,0.0000,0.0000,0.0000,0.0000,0.0000,0.0000,0.0000,0.0000,0.0000,0.0000,0.0000,0.0000,0.0000,0.0000,0.0000,0.0000,0.0000,0.0000,0.0000,0.0000,0.0000,0.0000,0.0000,0.0000,0.0000,0.0000,0.0000,0.0000,0.0000,0.0000,0.0000,0.0000,0.0000,0.0000,0.0000,0.0000,0.0000,0.0000,0.0000,0.0000,0.0000,0.0000,0.0000,0.0000,0.0000,0.0000,0.0000,0.0000,0.0000,0.0000,0.0000,0.0000,0.0000,0.0000,0.0000,0.0000,0.0000,0.0000,0.0000,0.0000,0.0000,0.0000,0.0000,0.0000,0.0000,0.0000,0.0000,0.0000,0.0000,0.0000,0.0000,0.0000,0.0000,0.0000,0.0000,0.0000,0.0000,0.0000,0.0000,0.0000,0.0000,0.0000,0.0000,0.0000,0.0000,0.0000,0.0000,0.0000,0.0000,0.0000,0.0000,0.0000,0.0000,0.0000,0.0000,0.0000,0.0000,0.0000,0.0000,0.0000,0.0000,0.0000,0.0000,0.0000,0.0000,0.0000,0.0000,0.0000,0.0000,0.0000,0.0000,0.0000,0.0000,0.0000,0.0000,0.0000,0.0000,0.0000,0.0000,0.0000,0.0000,0.0000,0.0000,0.0000,0.0000,0.0000,0.0000,0.0000,0.0000,0.0000,0.0000,0.0000,0.0000,0.0000,0.0000,0.0000,0.0000,0.0000,0.0000,0.0000,0.0000,0.0000,0.0000,0.0000,0.0000,0.0000,0.0000,0.0000,0.0000,0.0000,0.0000,0.0000,0.0000,0.0000,0.0000,0.0000,0.0000,0.0000,0.0000,0.0000,0.0000,0.0000,0.0000,0.0000,0.0000,0.0000,0.0000,0.0000,0.0000
0.0000,0.0000,0.0000,0.0000,0.0000,0.0000,0.0000,0.0000,0.0000,0.0000,0.0000,0.0000,0.0000,0.0000,0.0000,0.0000,0.0000,0.0000,0.0000,0.0000,0.0000,0.0000,0.0000,0.0000,0.0000,0.0000,0.0000,0.0000,0.0000,0.0000,0.0000,0.0000,0.0000,0.0000,0.0000,0.0000,0.0000,0.0000,0.0000,0.0000,0.0000,0.0000,0.0000,0.0000,0.0000,0.0000,0.0000,0.0000,0.0000,0.0000,0.0000,0.0000,0.0000,0.0000,0.0000,0.0000,0.0000,0.0000,0.0000,0.0000,0.0000,0.0000,0.0000,0.0000,0.0000,0.0000,0.0000,0.0000,0.0000,0.0000,0.0000,0.0000,0.0000,0.0000,0.0000,0.0000,0.0000,0.0000,0.0000,0.0000,0.0000,0.0000,0.0000,0.0000,0.0000,0.0000,0.0000,0.0000,0.0000,0.0000,0.0000,0.0000,0.0000,0.0000,0.0000,0.0000,0.0000,0.0000,0.0000,0.0000,0.0000,0.0000,0.0000,0.0000,0.0000,0.0000,0.0000,0.0000,0.0000,0.0000,0.0000,0.0000,0.0000,0.0000,0.0000,0.0000,0.0000,0.0000,0.0000,0.0000,0.0000,0.0000,0.0000,0.0000,0.0000,0.0000,0.0000,0.0000,0.0000,0.0000,0.0000,0.0000,0.0000,0.0000,0.0000,0.0000,0.0000,0.0000,0.0000,0.0000,0.0000,0.0000,0.0000,0.0000,0.0000,0.0000,0.0000,0.0000,0.0000,0.0000,0.0000,0.0000,0.0000,0.0000,0.0000,0.0000,0.0000,0.0000,0.0000,0.0000,0.0000,0.0000,0.0000,0.0000,0.0000,0.0000,0.0000,0.0000,0.0000,0.0000,0.0000,0.0000,0.0000,0.0000,0.0000,0.0000,0.0000,0.0000,0.0000,0.0000,0.0000,0.0000,0.0000,0.0000,0.0000,0.0000,0.0000,0.0000,0.0000,0.0000,0.0000,0.0000,0.0000,0.0000,0.0000,0.0000,0.0000,0.0000,0.0000,0.0000,0.0000,0.0000,0.0000,0.0000,0.0000,0.0000,0.0000,0.0000,0.0000,0.0000,0.0000
0.0000,0.0000,0.0000,0.0000,0.0000,0.0000,0.0000,0.0000,0.0000,0.0000,0.0000,0.0000,0.0000,0.0000,0.0000,0.0000,0.0000,0.0000,0.0000,0.0000,0.0000,0.0000,0.0000,0.0000,0.0000,0.0000,0.0000,0.0000,0.0000,0.0000,0.0000,0.0000,0.0000,0.0000,0.0000,0.0000,0.0000,0.0000,0.0000,0.0000,0.0000,0.0000,0.0000,0.0000,0.0000,0.0000,0.0000,0.0000,0.0000,0.0000,0.0000,0.0000,0.0000,0.0000,0.0000,0.0000,0.0000,0.0000,0.0000,0.0000,0.0000,0.0000,0.0000,0.0000,0.0000,0.0000,0.0000,0.0000,0.0000,0.0000,0.0000,0.0000,0.0000,0.0000,0.0000,0.0000,0.0000,0.0000,0.0000,0.0000,0.0000,0.0000,0.0000,0.0000,0.0000,0.0000,0.0000,0.0000,0.0000,0.0000,0.0000,0.0000,0.0000,0.0000,0.0000,0.0000,0.0000,0.0000,0.0000,0.0000,0.0000,0.0000,0.0000,0.0000,0.0000,0.0000,0.0000,0.0000,0.0000,0.0000,0.0000,0.0000,0.0000,0.0000,0.0000,0.0000,0.0000,0.0000,0.0000,0.0000,0.0000,0.0000,0.0000,0.0000,0.0000,0.0000,0.0000,0.0000,0.0000,0.0000,0.0000,0.0000,0.0000,0.0000,0.0000,0.0000,0.0000,0.0000,0.0000,0.0000,0.0000,0.0000,0.0000,0.0000,0.0000,0.0000,0.0000,0.0000,0.0000,0.0000,0.0000,0.0000,0.0000,0.0000,0.0000,0.0000,0.0000,0.0000,0.0000,0.0000,0.0000,0.0000,0.0000,0.0000,0.0000,0.0000,0.0000,0.0000,0.0000,0.0000,0.0000,0.0000,0.0000,0.0000,0.0000,0.0000,0.0000,0.0000,0.0000,0.0000,0.0000,0.0000,0.0000,0.0000,0.0000,0.0000,0.0000,0.0000,0.0000,0.0000,0.0000,0.0000,0.0000,0.0000,0.0000,0.0000,0.0000,0.0000,0.0000,0.0000,0.0000,0.0000,0.0000,0.0000,0.0000,0.0000,0.0000,0.0000,0.0000,0.0000,0.0000
0.0000,0.0000,0.0000,0.0000,0.0000,0.0000,0.0000,0.0000,0.0000,0.0000,0.0000,0.0000,0.0000,0.0000,0.0000,0.0000,0.0000,0.0000,0.0000,0.0000,0.0000,0.0000,0.0000,0.0000,0.0000,0.0000,0.0000,0.0000,0.0000,0.0000,0.0000,0.0000,0.0000,0.0000,0.0000,0.0000,0.0000,0.0000,0.0000,0.0000,0.0000,0.0000,0.0000,0.0000,0.0000,0.0000,0.0000,0.0000,0.0000,0.0000,0.0000,0.0000,0.0000,0.0000,0.0000,0.0000,0.0000,0.0000,0.0000,0.0000,0.0000,0.0000,0.0000,0.0000,0.0000,0.0000,0.0000,0.0000,0.0000,0.0000,0.0000,0.0000,0.0000,0.0000,0.0000,0.0000,0.0000,0.0000,0.0000,0.0000,0.0000,0.0000,0.0000,0.0000,0.0000,0.0000,0.0000,0.0000,0.0000,0.0000,0.0000,0.0000,0.0000,0.0000,0.0000,0.0000,0.0000,0.0000,0.0000,0.0000,0.0000,0.0000,0.0000,0.0000,0.0000,0.0000,0.0000,0.0000,0.0000,0.0000,0.0000,0.0000,0.0000,0.0000,0.0000,0.0000,0.0000,0.0000,0.0000,0.0000,0.0000,0.0000,0.0000,0.0000,0.0000,0.0000,0.0000,0.0000,0.0000,0.0000,0.0000,0.0000,0.0000,0.0000,0.0000,0.0000,0.0000,0.0000,0.0000,0.0000,0.0000,0.0000,0.0000,0.0000,0.0000,0.0000,0.0000,0.0000,0.0000,0.0000,0.0000,0.0000,0.0000,0.0000,0.0000,0.0000,0.0000,0.0000,0.0000,0.0000,0.0000,0.0000,0.0000,0.0000,0.0000,0.0000,0.0000,0.0000,0.0000,0.0000,0.0000,0.0000,0.0000,0.0000,0.0000,0.0000,0.0000,0.0000,0.0000,0.0000,0.0000,0.0000,0.0000,0.0000,0.0000,0.0000,0.0000,0.0000,0.0000,0.0000,0.0000,0.0000,0.0000,0.0000,0.0000,0.0000,0.0000,0.0000,0.0000,0.0000,0.0000,0.0000,0.0000,0.0000,0.0000,0.0000,0.0000,0.0000,0.0000,0.0000,0.0000
0.0000,0.0000,0.0000,0.0000,0.0000,0.0000,0.0000,0.0000,0.0000,0.0000,0.0000,0.0000,0.0000,0.0000,0.0000,0.0000,0.0000,0.0000,0.0000,0.0000,0.0000,0.0000,0.0000,0.0000,0.0000,0.0000,0.0000,0.0000,0.0000,0.0000,0.0000,0.0000,0.0000,0.0000,0.0000,0.0000,0.0000,0.0000,0.0000,0.0000,0.0000,0.0000,0.0000,0.0000,0.0000,0.0000,0.0000,0.0000,0.0000,0.0000,0.0000,0.0000,0.0000,0.0000,0.0000,0.0000,0.0000,0.0000,0.0000,0.0000,0.0000,0.0000,0.0000,0.0000,0.0000,0.0000,0.0000,0.0000,0.0000,0.0000,0.0000,0.0000,0.0000,0.0000,0.0000,0.0000,0.0000,0.0000,0.0000,0.0000,0.0000,0.0000,0.0000,0.0000,0.0000,0.0000,0.0000,0.0000,0.0000,0.0000,0.0000,0.0000,0.0000,0.0000,0.0000,0.0000,0.0000,0.0000,0.0000,0.0000,0.0000,0.0000,0.0000,0.0000,0.0000,0.0000,0.0000,0.0000,0.0000,0.0000,0.0000,0.0000,0.0000,0.0000,0.0000,0.0000,0.0000,0.0000,0.0000,0.0000,0.0000,0.0000,0.0000,0.0000,0.0000,0.0000,0.0000,0.0000,0.0000,0.0000,0.0000,0.0000,0.0000,0.0000,0.0000,0.0000,0.0000,0.0000,0.0000,0.0000,0.0000,0.0000,0.0000,0.0000,0.0000,0.0000,0.0000,0.0000,0.0000,0.0000,0.0000,0.0000,0.0000,0.0000,0.0000,0.0000,0.0000,0.0000,0.0000,0.0000,0.0000,0.0000,0.0000,0.0000,0.0000,0.0000,0.0000,0.0000,0.0000,0.0000,0.0000,0.0000,0.0000,0.0000,0.0000,0.0000,0.0000,0.0000,0.0000,0.0000,0.0000,0.0000,0.0000,0.0000,0.0000,0.0000,0.0000,0.0000,0.0000,0.0000,0.0000,0.0000,0.0000,0.0000,0.0000,0.0000,0.0000,0.0000,0.0000,0.0000,0.0000,0.0000,0.0000,0.0000,0.0000,0.0000,0.0000,0.0000,0.0000,0.0000,0.0000
