simulation_number,year,DoY,iPAR,iPARE,LAIsunlit,LAIshaded,aPARtot,aPARsun,aPARsha,aPARCabtot,aPARCabsun,aPARCabsha,aPARCartot,aPARCarsun,aPARCarsha,aPARtotE,aPARsunE,aPARshaE,aPARCabtotE,aPARCabsunE,aPARCabshaE,aPARCartotE,aPARCarsunE,aPARCarshaE
#,,,umol m-2 s-1,W m-2,m2m-2,m2m-2,umol m-2 s-1,umol m-2 s-1,umol m-2 s-1,umol m-2 s-1,umol m-2 s-1,umol m-2 s-1,umol m-2 s-1,umol m-2 s-1,umol m-2 s-1,W m-2,W m-2,W m-2,W m-2,W m-2,W m-2,W m-2,W m-2,W m-2
1,0,0,6.638245e+02,1.454282e+02,1.247602e+00,3.352398e+00,6.176441e+02,5.086568e+02,1.089873e+02,4.500320e+02,3.692212e+02,8.081078e+01,1.287164e+02,1.031081e+02,2.560831e+01,1.353360e+02,1.108816e+02,2.445440e+01,9.193701e+01,7.527805e+01,1.665895e+01,3.224876e+01,2.579867e+01,6.450092e+00
2,0,0,1.111442e+03,2.435059e+02,1.017901e+00,2.752099e+00,1.040103e+03,8.404097e+02,1.996928e+02,9.875118e+02,7.912635e+02,1.962484e+02,8.399684e+01,6.514179e+01,1.885505e+01,2.277094e+02,1.827825e+02,4.492689e+01,2.074474e+02,1.657083e+02,4.173910e+01,2.078694e+01,1.610812e+01,4.678825e+00
3,0,0,5.404001e+01,1.183800e+01,2.031783e+00,4.728217e+00,5.085167e+01,4.322786e+01,7.623814e+00,3.516986e+01,2.941211e+01,5.757751e+00,1.290620e+01,1.084242e+01,2.063777e+00,1.114896e+01,9.451486e+00,1.697478e+00,7.067740e+00,5.920758e+00,1.146982e+00,3.244322e+00,2.723473e+00,5.208489e-01
4,0,0,5.449872e+02,1.193973e+02,1.690322e+00,3.249678e+00,5.029180e+02,4.242188e+02,7.869922e+01,3.928523e+02,3.274592e+02,6.539308e+01,6.737548e+01,5.568527e+01,1.169020e+01,1.101766e+02,9.259276e+01,1.758386e+01,8.129598e+01,6.777531e+01,1.352067e+01,1.689889e+01,1.395902e+01,2.939866e+00
5,0,0,1.525201e+03,3.340905e+02,1.437841e+00,4.272159e+00,1.415643e+03,1.153973e+03,2.616693e+02,9.361610e+02,7.528287e+02,1.833323e+02,2.933608e+02,2.363541e+02,5.700668e+01,3.104961e+02,2.523451e+02,5.815102e+01,1.900507e+02,1.529936e+02,3.705702e+01,7.390596e+01,5.950638e+01,1.439958e+01
6,0,0,7.655763e+02,1.677012e+02,5.805757e-01,1.734243e-01,3.530448e+02,3.164060e+02,3.663876e+01,2.610902e+02,2.345671e+02,2.652312e+01,8.221180e+01,7.299179e+01,9.220011e+00,7.741397e+01,6.925842e+01,8.155544e+00,5.327917e+01,4.780104e+01,5.478133e+00,2.063949e+01,1.831389e+01,2.325597e+00
7,0,0,1.643830e+03,3.601319e+02,1.283995e+00,3.896005e+00,1.554838e+03,1.284600e+03,2.702386e+02,1.161138e+03,9.511528e+02,2.099855e+02,3.384706e+02,2.717827e+02,6.668786e+01,3.405556e+02,2.798873e+02,6.066824e+01,2.357636e+02,1.929444e+02,4.281916e+01,8.480169e+01,6.799225e+01,1.680944e+01
8,0,0,1.174884e+03,2.573640e+02,1.187558e+00,5.542442e+00,1.100031e+03,8.506781e+02,2.493532e+02,8.830325e+02,6.652326e+02,2.177998e+02,2.563296e+02,1.959264e+02,6.040319e+01,2.411509e+02,1.859444e+02,5.520657e+01,1.803287e+02,1.362466e+02,4.408213e+01,6.386498e+01,4.888258e+01,1.498239e+01
9,0,0,2.030536e+02,4.448649e+01,1.605489e+00,4.994511e+00,1.956978e+02,1.652983e+02,3.039945e+01,1.545796e+02,1.296437e+02,2.493590e+01,3.165562e+01,2.599766e+01,5.657961e+00,4.286135e+01,3.602544e+01,6.835915e+00,3.184231e+01,2.666303e+01,5.179282e+00,7.917319e+00,6.493626e+00,1.423693e+00
10,0,0,1.204665e+03,2.639312e+02,1.429049e+00,5.110951e+00,1.151470e+03,9.629927e+02,1.884769e+02,8.727868e+02,7.239673e+02,1.488195e+02,1.387019e+02,1.126473e+02,2.605465e+01,2.521278e+02,2.097964e+02,4.233140e+01,1.809329e+02,1.498218e+02,3.111113e+01,3.482276e+01,2.824775e+01,6.575016e+00
11,0,0,3.738717e+02,8.189188e+01,1.202863e+00,3.067137e+00,3.383547e+02,2.651406e+02,7.321403e+01,1.870926e+02,1.461754e+02,4.091716e+01,5.377550e+01,4.172171e+01,1.205379e+01,7.433004e+01,5.809134e+01,1.623870e+01,3.859981e+01,3.013446e+01,8.465350e+00,1.364088e+01,1.057815e+01,3.062730e+00
12,0,0,7.197380e+02,1.576770e+02,1.129282e+00,3.050718e+00,6.697063e+02,5.420869e+02,1.276193e+02,4.567965e+02,3.652436e+02,9.155287e+01,1.844566e+02,1.460851e+02,3.837153e+01,1.467521e+02,1.182327e+02,2.851942e+01,9.129460e+01,7.301399e+01,1.828061e+01,4.634564e+01,3.664804e+01,9.697592e+00
13,0,0,1.603116e+03,3.511927e+02,1.415158e+00,2.244842e+00,1.429613e+03,1.172680e+03,2.569332e+02,8.956609e+02,7.277984e+02,1.678625e+02,3.950891e+02,3.215729e+02,7.351623e+01,3.134619e+02,2.564826e+02,5.697929e+01,1.797728e+02,1.461187e+02,3.365414e+01,9.940321e+01,8.084492e+01,1.855829e+01
14,0,0,1.346606e+02,2.949197e+01,1.165237e+00,4.884763e+00,1.258398e+02,9.559658e+01,3.024327e+01,4.412643e+01,3.274307e+01,1.138336e+01,3.235032e+01,2.515283e+01,7.197495e+00,2.765575e+01,2.104957e+01,6.606179e+00,8.699481e+00,6.476388e+00,2.223093e+00,8.237451e+00,6.397748e+00,1.839703e+00
15,0,0,1.036659e+03,2.271281e+02,1.105143e+00,5.834857e+00,9.923708e+02,8.079594e+02,1.844114e+02,7.846025e+02,6.358141e+02,1.487884e+02,5.457612e+01,4.277775e+01,1.179837e+01,2.172775e+02,1.757861e+02,4.149136e+01,1.648468e+02,1.330699e+02,3.177693e+01,1.366215e+01,1.069559e+01,2.966553e+00
16,0,0,1.279635e+03,2.803124e+02,2.674286e+00,2.065714e+00,1.030517e+03,8.963256e+02,1.341916e+02,5.591234e+02,4.808691e+02,7.825426e+01,2.419898e+02,2.117697e+02,3.022007e+01,2.263760e+02,1.969514e+02,2.942459e+01,1.125230e+02,9.696149e+01,1.556153e+01,6.130365e+01,5.363987e+01,7.663779e+00
17,0,0,3.139247e+02,6.876635e+01,1.156052e+00,1.963948e+00,2.756895e+02,2.196596e+02,5.602989e+01,2.152829e+02,1.702707e+02,4.501222e+01,4.805440e+01,3.752090e+01,1.053349e+01,6.049979e+01,4.801582e+01,1.248397e+01,4.454836e+01,3.520623e+01,9.342133e+00,1.205033e+01,9.407690e+00,2.642644e+00
18,0,0,1.713724e+03,3.754504e+02,1.603615e+00,3.636385e+00,1.605965e+03,1.357565e+03,2.484000e+02,1.087452e+03,9.158567e+02,1.715949e+02,3.100720e+02,2.561175e+02,5.395455e+01,3.517551e+02,2.960934e+02,5.566164e+01,2.220335e+02,1.867056e+02,3.532784e+01,7.790521e+01,6.427151e+01,1.363371e+01
19,0,0,7.821912e+02,1.713268e+02,1.158812e+00,5.141188e+00,6.967825e+02,5.185208e+02,1.782617e+02,4.661816e+02,3.396754e+02,1.265062e+02,8.504387e+01,6.378570e+01,2.125817e+01,1.531430e+02,1.139343e+02,3.920873e+01,9.650994e+01,7.068500e+01,2.582494e+01,2.157859e+01,1.620005e+01,5.378545e+00
20,0,0,2.976323e+02,6.519897e+01,7.277086e-01,3.722914e-01,1.820689e+02,1.570936e+02,2.497530e+01,1.208265e+02,1.046736e+02,1.615295e+01,5.079427e+01,4.324007e+01,7.554194e+00,3.992558e+01,3.435830e+01,5.567282e+00,2.431695e+01,2.102975e+01,3.287200e+00,1.274661e+01,1.084089e+01,1.905725e+00
21,0,0,4.574328e+02,1.002193e+02,1.411001e+00,2.328999e+00,4.113851e+02,3.421845e+02,6.920059e+01,3.694628e+02,3.053175e+02,6.414532e+01,8.247147e+00,6.649410e+00,1.597737e+00,9.010966e+01,7.460711e+01,1.550255e+01,7.841487e+01,6.466688e+01,1.374798e+01,2.051147e+00,1.653844e+00,3.973034e-01
22,0,0,1.025828e+01,2.247412e+00,9.024882e-01,9.675118e-01,8.273582e+00,6.850946e+00,1.422637e+00,7.105422e+00,5.881020e+00,1.224402e+00,1.713384e+00,1.382719e+00,3.306653e-01,1.812118e+00,1.493432e+00,3.186852e-01,1.459567e+00,1.204909e+00,2.546576e-01,4.265924e-01,3.438248e-01,8.276758e-02
23,0,0,1.531149e+03,3.354447e+02,1.334993e+00,3.365007e+00,1.445735e+03,1.199164e+03,2.465708e+02,1.255076e+03,1.033891e+03,2.211843e+02,1.061096e+02,8.520092e+01,2.090864e+01,3.165818e+02,2.611651e+02,5.541665e+01,2.631161e+02,2.161642e+02,4.695182e+01,2.647383e+01,2.123366e+01,5.240174e+00
24,0,0,1.310321e+03,2.870673e+02,1.375481e+00,1.134519e+00,1.044847e+03,8.892740e+02,1.555731e+02,8.587811e+02,7.296832e+02,1.290978e+02,1.035033e+02,8.647535e+01,1.702793e+01,2.290244e+02,1.942893e+02,3.473513e+01,1.797612e+02,1.524238e+02,2.733734e+01,2.585615e+01,2.158559e+01,4.270566e+00
25,0,0,1.633999e+03,3.579982e+02,1.343318e+00,5.326682e+00,1.555882e+03,1.272865e+03,2.830177e+02,1.469857e+03,1.183948e+03,2.859089e+02,4.089930e+01,3.213633e+01,8.762965e+00,3.406595e+02,2.771748e+02,6.348468e+01,3.103435e+02,2.498994e+02,6.044411e+01,1.013860e+01,7.972173e+00,2.166428e+00
26,0,0,1.376280e+03,3.015272e+02,1.392336e+00,3.597664e+00,1.296371e+03,1.080096e+03,2.162750e+02,1.059964e+03,8.743350e+02,1.856294e+02,2.130223e+02,1.725617e+02,4.046057e+01,2.838933e+02,2.353450e+02,4.854827e+01,2.184327e+02,1.800022e+02,3.843048e+01,5.316078e+01,4.301928e+01,1.014151e+01
27,0,0,1.136161e+03,2.489175e+02,1.707628e+00,4.472372e+00,1.073181e+03,9.076420e+02,1.655389e+02,1.045501e+03,8.727804e+02,1.727206e+02,2.724581e+01,2.228155e+01,4.964258e+00,2.349941e+02,1.978181e+02,3.717598e+01,2.214300e+02,1.847185e+02,3.671144e+01,6.743151e+00,5.515351e+00,1.227800e+00
28,0,0,8.648755e+02,1.894801e+02,1.800958e+00,3.849042e+00,8.080073e+02,6.928847e+02,1.151226e+02,6.294946e+02,5.348846e+02,9.461007e+01,1.514503e+02,1.269246e+02,2.452565e+01,1.769840e+02,1.511498e+02,2.583423e+01,1.287281e+02,1.093292e+02,1.939893e+01,3.794925e+01,3.176676e+01,6.182493e+00
29,0,0,1.165970e+02,2.554505e+01,1.103759e+00,4.406241e+00,1.116107e+02,8.889849e+01,2.271223e+01,1.028573e+02,8.067928e+01,2.217799e+01,3.733418e-01,2.847333e-01,8.860847e-02,2.444692e+01,1.934791e+01,5.099004e+00,2.180256e+01,1.707633e+01,4.726229e+00,9.312634e-02,7.102506e-02,2.210128e-02
30,0,0,1.148696e+03,2.515914e+02,9.394074e-01,4.105926e-01,6.700904e+02,5.792440e+02,9.084641e+01,4.645768e+02,4.016412e+02,6.293558e+01,2.059677e+02,1.768957e+02,2.907202e+01,1.475700e+02,1.273594e+02,2.021058e+01,9.378147e+01,8.100920e+01,1.277226e+01,5.171706e+01,4.439498e+01,7.322083e+00
31,0,0,6.950431e+02,1.522789e+02,1.267654e+00,4.652346e+00,6.632468e+02,5.494852e+02,1.137616e+02,5.129677e+02,4.223931e+02,9.057461e+01,1.125787e+02,9.033635e+01,2.224231e+01,1.452261e+02,1.196386e+02,2.558750e+01,1.054831e+02,8.667204e+01,1.881102e+01,2.816343e+01,2.256565e+01,5.597780e+00
32,0,0,1.576352e+03,3.453539e+02,9.880887e-01,5.319113e-01,1.066293e+03,9.197751e+02,1.465177e+02,9.155359e+02,7.897770e+02,1.257589e+02,6.835198e+01,5.803256e+01,1.031942e+01,2.335895e+02,2.009318e+02,3.265776e+01,1.932310e+02,1.663029e+02,2.692806e+01,1.703296e+01,1.445145e+01,2.581506e+00
33,0,0,4.877825e+02,1.068674e+02,1.593333e+00,2.776667e+00,4.453573e+02,3.768858e+02,6.847148e+01,4.081204e+02,3.423970e+02,6.572343e+01,1.243319e+01,1.023476e+01,2.198433e+00,9.755079e+01,8.218776e+01,1.536304e+01,8.624201e+01,7.223335e+01,1.400866e+01,3.096233e+00,2.547223e+00,5.490101e-01
34,0,0,1.452774e+03,3.182704e+02,1.038431e+00,5.201569e+00,1.384676e+03,1.116563e+03,2.681129e+02,8.319679e+02,6.715041e+02,1.604638e+02,3.222289e+02,2.513277e+02,7.090115e+01,3.033335e+02,2.431528e+02,6.018068e+01,1.675916e+02,1.348978e+02,3.269381e+01,8.127359e+01,6.326210e+01,1.801149e+01
35,0,0,2.347362e+02,5.142830e+01,1.185510e+00,5.724490e+00,2.271152e+02,1.854072e+02,4.170793e+01,1.738954e+02,1.405897e+02,3.330572e+01,4.391776e+01,3.465284e+01,9.264924e+00,4.974193e+01,4.036245e+01,9.379477e+00,3.552867e+01,2.868286e+01,6.845806e+00,1.100537e+01,8.668850e+00,2.336520e+00
36,0,0,1.413239e+03,3.096189e+02,1.027985e+00,8.020153e-01,1.071546e+03,9.061910e+02,1.653552e+02,8.337027e+02,7.048049e+02,1.288978e+02,2.347500e+02,1.948294e+02,3.992069e+01,2.347352e+02,1.978163e+02,3.691890e+01,1.701670e+02,1.436030e+02,2.656400e+01,5.868216e+01,4.865198e+01,1.003018e+01
37,0,0,1.043739e+03,2.286609e+02,6.009244e-01,3.430756e-01,6.464301e+02,5.595225e+02,8.690756e+01,6.127920e+02,5.305328e+02,8.225917e+01,3.249130e+01,2.758482e+01,4.906480e+00,1.412074e+02,1.218131e+02,1.939426e+01,1.292077e+02,1.115427e+02,1.766507e+01,8.062493e+00,6.839433e+00,1.223060e+00
38,0,0,1.344738e+03,2.946259e+02,1.045267e+00,1.954733e+00,1.217499e+03,9.956157e+02,2.218829e+02,9.089575e+02,7.395299e+02,1.694276e+02,2.613416e+02,2.075949e+02,5.374672e+01,2.665938e+02,2.168480e+02,4.974578e+01,1.849842e+02,1.502315e+02,3.475273e+01,6.551315e+01,5.196020e+01,1.355295e+01
39,0,0,2.778884e+01,6.087447e+00,1.414639e+00,8.453614e-01,2.038394e+01,1.742922e+01,2.954714e+00,1.262120e+01,1.079981e+01,1.821390e+00,4.521051e+00,3.827996e+00,6.930552e-01,4.477806e+00,3.821026e+00,6.567804e-01,2.575738e+00,2.201411e+00,3.743267e-01,1.137637e+00,9.626365e-01,1.750004e-01
40,0,0,8.009772e+01,1.754197e+01,2.279295e+00,1.160705e+00,5.630417e+01,4.837735e+01,7.926823e+00,2.566392e+01,2.183544e+01,3.828476e+00,1.598673e+01,1.391729e+01,2.069433e+00,1.243748e+01,1.070145e+01,1.736031e+00,5.136513e+00,4.377975e+00,7.585388e-01,4.054723e+00,3.530149e+00,5.245742e-01
41,0,0,8.152612e+02,1.786169e+02,9.887034e-01,1.551297e+00,7.149783e+02,5.881703e+02,1.268080e+02,6.171832e+02,5.068644e+02,1.103188e+02,9.073532e+01,7.229651e+01,1.843880e+01,1.565372e+02,1.280556e+02,2.848160e+01,1.284448e+02,1.051118e+02,2.333304e+01,2.260014e+01,1.798253e+01,4.617614e+00
42,0,0,4.279358e+02,9.374450e+01,5.787388e-01,2.602612e-01,2.368310e+02,2.073043e+02,2.952663e+01,1.499858e+02,1.317941e+02,1.819163e+01,4.203764e+01,3.627079e+01,5.766846e+00,5.184821e+01,4.526896e+01,6.579257e+00,3.083687e+01,2.703381e+01,3.803061e+00,1.059375e+01,9.132743e+00,1.461009e+00
43,0,0,2.731605e+02,5.984305e+01,8.997628e-01,4.302372e-01,1.752558e+02,1.517760e+02,2.347985e+01,1.462821e+02,1.268350e+02,1.944712e+01,2.820615e+01,2.408567e+01,4.120477e+00,3.840294e+01,3.317220e+01,5.230739e+00,3.030858e+01,2.622811e+01,4.080465e+00,7.039919e+00,6.006796e+00,1.033123e+00
44,0,0,8.440643e+02,1.848445e+02,1.381125e+00,2.738875e+00,7.449961e+02,5.951187e+02,1.498774e+02,3.589376e+02,2.819176e+02,7.702003e+01,2.228633e+02,1.798446e+02,4.301871e+01,1.638589e+02,1.308891e+02,3.296973e+01,7.093836e+01,5.582088e+01,1.511748e+01,5.647351e+01,4.553318e+01,1.094032e+01
45,0,0,1.471085e+03,3.222873e+02,1.135010e+00,3.934990e+00,1.385817e+03,1.130071e+03,2.557463e+02,1.070562e+03,8.690180e+02,2.015435e+02,2.141725e+02,1.688549e+02,4.531761e+01,3.035712e+02,2.460902e+02,5.748105e+01,2.213300e+02,1.791508e+02,4.217920e+01,5.366951e+01,4.225345e+01,1.141605e+01
46,0,0,1.108394e+03,2.426052e+02,1.039755e+00,2.460245e+00,9.211665e+02,6.828718e+02,2.382947e+02,3.119133e+02,2.231418e+02,8.877148e+01,3.269809e+02,2.536471e+02,7.333384e+01,2.039352e+02,1.519244e+02,5.201079e+01,6.080565e+01,4.365546e+01,1.715019e+01,8.292105e+01,6.428225e+01,1.863880e+01
47,0,0,8.828581e+02,1.934156e+02,1.912219e+00,3.697781e+00,8.197349e+02,7.007027e+02,1.190323e+02,6.362456e+02,5.402812e+02,9.596441e+01,4.650087e+01,3.889150e+01,7.609367e+00,1.795680e+02,1.529336e+02,2.663440e+01,1.336986e+02,1.133912e+02,2.030735e+01,1.166403e+01,9.750350e+00,1.913676e+00
48,0,0,1.018674e+03,2.231786e+02,1.640299e+00,1.969701e+00,8.868184e+02,7.546733e+02,1.321452e+02,8.158770e+02,6.878709e+02,1.280061e+02,1.079348e+02,8.988510e+01,1.804969e+01,1.943242e+02,1.647627e+02,2.956153e+01,1.699750e+02,1.432375e+02,2.673753e+01,2.678211e+01,2.229205e+01,4.490059e+00
49,0,0,1.089298e+03,2.385217e+02,1.266251e+00,5.203749e+00,9.922736e+02,7.628087e+02,2.294649e+02,2.312418e+02,1.738188e+02,5.742299e+01,2.606014e+02,2.062703e+02,5.433114e+01,2.183574e+02,1.683726e+02,4.998484e+01,4.545381e+01,3.427880e+01,1.117501e+01,6.636469e+01,5.248058e+01,1.388411e+01
50,0,0,1.763570e+03,3.862785e+02,1.481814e+00,1.128186e+00,1.347809e+03,1.136347e+03,2.114625e+02,6.155025e+02,5.183881e+02,9.711434e+01,3.750315e+02,3.152048e+02,5.982664e+01,2.964098e+02,2.495980e+02,4.681187e+01,1.228605e+02,1.034303e+02,1.943012e+01,9.487079e+01,7.968114e+01,1.518965e+01
51,0,0,9.170146e+02,2.008861e+02,2.290143e+00,2.549857e+00,7.926130e+02,6.824648e+02,1.101482e+02,4.730976e+02,4.042930e+02,6.880455e+01,1.849522e+02,1.587276e+02,2.622466e+01,1.738624e+02,1.495091e+02,2.435321e+01,9.570823e+01,8.184500e+01,1.386323e+01,4.658697e+01,3.996605e+01,6.620918e+00
52,0,0,1.494529e+02,3.274420e+01,1.262657e+00,4.527343e+00,1.433654e+02,1.176675e+02,2.569792e+01,1.342166e+02,1.086493e+02,2.556724e+01,5.315581e+00,4.199304e+00,1.116277e+00,3.139903e+01,2.561535e+01,5.783679e+00,2.828654e+01,2.285945e+01,5.427095e+00,1.321934e+00,1.043562e+00,2.783715e-01
53,0,0,3.943448e+02,8.633519e+01,6.645446e-01,3.654554e-01,1.917758e+02,1.609533e+02,3.082254e+01,5.821629e+01,4.886670e+01,9.349590e+00,4.852713e+01,4.068836e+01,7.838762e+00,4.292709e+01,3.600639e+01,6.920696e+00,1.177185e+01,9.875490e+00,1.896356e+00,1.243922e+01,1.042253e+01,2.016690e+00
54,0,0,4.625888e+02,1.013040e+02,4.368155e-01,1.161845e-01,1.661380e+02,1.502528e+02,1.588525e+01,9.562698e+01,8.677067e+01,8.856309e+00,5.612563e+01,5.047637e+01,5.649263e+00,3.672707e+01,3.317180e+01,3.555273e+00,1.919675e+01,1.740090e+01,1.795844e+00,1.411552e+01,1.268870e+01,1.426823e+00
55,0,0,7.531341e+02,1.650009e+02,1.543880e+00,3.716120e+00,7.058961e+02,5.908603e+02,1.150357e+02,6.578681e+02,5.401840e+02,1.176841e+02,9.869278e+01,8.027088e+01,1.842190e+01,1.545948e+02,1.287981e+02,2.579667e+01,1.364111e+02,1.121323e+02,2.427882e+01,2.447939e+01,1.990561e+01,4.573782e+00
56,0,0,9.794355e+02,2.145848e+02,1.230119e+00,3.269881e+00,9.181506e+02,7.445493e+02,1.736013e+02,7.371290e+02,5.943998e+02,1.427292e+02,3.151135e+01,2.472626e+01,6.785096e+00,2.010665e+02,1.622075e+02,3.885902e+01,1.557524e+02,1.252966e+02,3.045572e+01,7.883052e+00,6.185644e+00,1.697408e+00
57,0,0,9.507137e+02,2.082855e+02,9.466897e-01,1.193310e+00,8.049325e+02,6.643777e+02,1.405548e+02,7.378330e+02,6.080260e+02,1.298070e+02,2.845936e+01,2.276704e+01,5.692321e+00,1.761574e+02,1.446350e+02,3.152237e+01,1.560635e+02,1.280899e+02,2.797358e+01,7.061274e+00,5.643082e+00,1.418192e+00
58,0,0,5.362782e+02,1.174546e+02,6.703916e-01,3.016084e-01,2.887817e+02,2.506715e+02,3.811023e+01,1.821685e+02,1.585754e+02,2.359305e+01,8.493945e+01,7.310039e+01,1.183906e+01,6.356985e+01,5.507361e+01,8.496237e+00,3.666579e+01,3.187511e+01,4.790688e+00,2.138273e+01,1.838949e+01,2.993239e+00
59,0,0,4.167946e+02,9.130515e+01,8.372996e-01,4.227004e-01,2.661316e+02,2.295381e+02,3.659357e+01,1.685228e+02,1.459182e+02,2.260459e+01,5.958568e+01,5.066455e+01,8.921128e+00,5.834479e+01,5.019175e+01,8.153037e+00,3.425605e+01,2.960192e+01,4.654126e+00,1.499411e+01,1.273777e+01,2.256345e+00
60,0,0,1.060884e+03,2.324077e+02,1.130550e+00,1.759450e+00,9.314915e+02,7.656072e+02,1.658843e+02,6.989737e+02,5.714052e+02,1.275685e+02,2.354463e+02,1.890179e+02,4.642843e+01,2.041468e+02,1.670206e+02,3.712618e+01,1.412669e+02,1.153574e+02,2.590953e+01,5.895591e+01,4.726804e+01,1.168787e+01
61,0,0,8.586524e+02,1.877521e+02,1.365725e+00,1.394275e+00,5.479867e+02,4.222205e+02,1.257662e+02,3.098025e+01,2.193219e+01,9.048066e+00,2.615572e+02,2.139201e+02,4.763713e+01,1.243256e+02,9.666549e+01,2.766012e+01,5.857892e+00,4.165007e+00,1.692885e+00,6.621929e+01,5.415081e+01,1.206849e+01
62,0,0,3.368429e+02,7.379509e+01,1.184996e+00,2.005004e+00,3.028071e+02,2.472677e+02,5.553939e+01,2.308058e+02,1.883693e+02,4.243644e+01,3.076486e+01,2.441184e+01,6.353029e+00,6.636784e+01,5.392497e+01,1.244287e+01,4.829451e+01,3.928368e+01,9.010832e+00,7.700493e+00,6.105210e+00,1.595283e+00
63,0,0,6.017866e+02,1.318070e+02,1.060143e+00,1.739857e+00,5.042525e+02,3.956156e+02,1.086369e+02,2.881099e+02,2.253342e+02,6.277569e+01,8.193461e+01,6.409418e+01,1.784042e+01,1.108796e+02,8.684303e+01,2.403653e+01,5.904276e+01,4.617362e+01,1.286914e+01,2.071784e+01,1.620282e+01,4.515019e+00
64,0,0,9.306954e+02,2.038963e+02,8.758430e-01,6.641570e-01,6.858900e+02,5.807583e+02,1.051317e+02,5.575711e+02,4.728598e+02,8.471130e+01,1.209453e+02,1.002653e+02,2.067998e+01,1.501214e+02,1.266281e+02,2.349334e+01,1.150688e+02,9.732278e+01,1.774603e+01,3.017391e+01,2.498596e+01,5.187947e+00
65,0,0,1.892012e+02,4.145144e+01,1.066726e+00,1.983274e+00,1.713566e+02,1.396132e+02,3.174339e+01,1.457363e+02,1.184991e+02,2.723726e+01,2.540812e+01,2.003542e+01,5.372698e+00,3.754290e+01,3.041218e+01,7.130726e+00,3.028431e+01,2.454109e+01,5.743212e+00,6.326036e+00,4.982183e+00,1.343853e+00
66,0,0,1.195724e+03,2.617947e+02,1.097488e+00,2.912512e+00,1.047194e+03,8.096113e+02,2.375822e+02,5.159166e+02,3.892128e+02,1.267038e+02,3.744098e+02,2.942179e+02,8.019190e+01,2.307901e+02,1.784754e+02,5.231477e+01,1.003765e+02,7.586730e+01,2.450916e+01,9.445842e+01,7.413497e+01,2.032345e+01
67,0,0,1.244964e+03,2.727525e+02,1.519840e+00,2.340160e+00,1.119635e+03,9.439781e+02,1.756567e+02,9.982860e+02,8.354384e+02,1.628476e+02,1.058654e+02,8.700079e+01,1.886465e+01,2.452729e+02,2.058984e+02,3.937447e+01,2.087070e+02,1.744041e+02,3.430292e+01,2.633097e+01,2.162368e+01,4.707284e+00
68,0,0,1.356981e+03,2.972334e+02,1.142678e+00,2.107322e+00,1.187980e+03,9.598318e+02,2.281481e+02,6.933912e+02,5.607493e+02,1.326419e+02,2.537601e+02,2.016472e+02,5.211290e+01,2.607963e+02,2.099380e+02,5.085836e+01,1.412299e+02,1.139872e+02,2.724267e+01,6.392919e+01,5.075281e+01,1.317638e+01
69,0,0,1.054094e+02,2.307437e+01,1.422338e+00,3.137662e+00,9.096374e+01,6.899984e+01,2.196391e+01,3.593420e+01,2.599643e+01,9.937764e+00,3.640160e+01,2.914328e+01,7.258320e+00,2.010560e+01,1.534022e+01,4.765377e+00,6.938478e+00,5.034026e+00,1.904452e+00,9.169404e+00,7.338502e+00,1.830901e+00
70,0,0,4.003569e+01,8.771709e+00,1.125015e+00,4.274985e+00,3.859423e+01,3.145582e+01,7.138408e+00,3.157116e+01,2.553154e+01,6.039619e+00,5.077402e+00,3.987081e+00,1.090321e+00,8.452185e+00,6.844811e+00,1.607375e+00,6.536755e+00,5.272006e+00,1.264749e+00,1.269446e+00,9.952033e-01,2.742428e-01
71,0,0,1.590901e+03,3.485092e+02,9.149767e-01,7.250233e-01,1.139681e+03,9.520668e+02,1.876141e+02,9.129135e+02,7.622455e+02,1.506680e+02,1.782708e+02,1.463005e+02,3.197035e+01,2.499937e+02,2.081527e+02,4.184098e+01,1.899076e+02,1.582461e+02,3.166155e+01,4.465990e+01,3.663267e+01,8.027235e+00
72,0,0,5.162737e+02,1.131115e+02,1.238485e+00,4.621515e+00,4.778662e+02,3.851262e+02,9.274002e+01,4.185109e+02,3.345029e+02,8.400804e+01,4.091390e+00,3.171737e+00,9.196523e-01,1.046949e+02,8.391303e+01,2.078188e+01,8.907691e+01,7.104414e+01,1.803277e+01,1.021089e+00,7.920344e-01,2.290545e-01
73,0,0,1.739948e+03,3.811522e+02,5.128500e-01,7.214996e-02,5.720192e+02,5.322738e+02,3.974547e+01,5.434555e+02,5.058726e+02,3.758294e+01,3.767346e+01,3.489773e+01,2.775727e+00,1.254618e+02,1.166468e+02,8.815000e+00,1.153020e+02,1.072441e+02,8.057846e+00,9.376399e+00,8.683742e+00,6.926572e-01
74,0,0,1.493134e+03,3.271168e+02,1.657924e+00,1.302076e+00,1.194509e+03,1.026335e+03,1.681744e+02,9.716088e+02,8.324803e+02,1.391285e+02,8.098385e+01,6.850429e+01,1.247956e+01,2.619489e+02,2.244622e+02,3.748671e+01,2.045316e+02,1.749828e+02,2.954872e+01,2.026106e+01,1.712934e+01,3.131719e+00
75,0,0,6.804337e+02,1.490787e+02,1.066714e+00,3.243286e+00,6.426066e+02,5.238032e+02,1.188034e+02,5.159624e+02,4.185689e+02,9.739345e+01,7.348393e+01,5.772312e+01,1.576082e+01,1.407044e+02,1.139696e+02,2.673478e+01,1.073672e+02,8.679428e+01,2.057290e+01,1.839401e+01,1.442599e+01,3.968022e+00
76,0,0,1.627040e+02,3.564065e+01,2.426615e+00,4.423385e+00,1.495775e+02,1.273882e+02,2.218931e+01,8.448827e+01,7.146322e+01,1.302505e+01,2.477050e+01,2.105348e+01,3.717018e+00,3.281437e+01,2.791593e+01,4.898445e+00,1.731981e+01,1.466309e+01,2.656723e+00,6.259436e+00,5.319653e+00,9.397829e-01
77,0,0,5.711953e+02,1.251346e+02,1.352130e+00,1.967870e+00,5.008753e+02,4.097625e+02,9.111285e+01,4.108032e+02,3.319645e+02,7.883866e+01,8.566552e+01,6.889002e+01,1.677551e+01,1.097948e+02,8.952548e+01,2.026934e+01,8.471146e+01,6.849642e+01,1.621504e+01,2.142296e+01,1.722885e+01,4.194109e+00
78,0,0,1.403430e+03,3.073780e+02,1.009924e+00,9.800758e-01,1.026611e+03,8.277467e+02,1.988646e+02,7.452889e+02,5.991163e+02,1.461726e+02,2.464571e+02,1.973563e+02,4.910083e+01,2.259498e+02,1.818267e+02,4.412317e+01,1.532717e+02,1.231220e+02,3.014974e+01,6.183220e+01,4.952592e+01,1.230628e+01
79,0,0,1.557207e+03,3.411483e+02,5.915994e-01,2.084006e-01,7.942654e+02,7.071653e+02,8.710015e+01,6.626362e+02,5.913440e+02,7.129221e+01,1.433145e+02,1.260916e+02,1.722287e+01,1.737341e+02,1.543453e+02,1.938886e+01,1.366902e+02,1.217609e+02,1.492931e+01,3.572962e+01,3.141330e+01,4.316318e+00
80,0,0,1.322893e+03,2.897795e+02,1.250910e+00,2.679090e+00,1.201576e+03,9.653556e+02,2.362203e+02,7.997548e+02,6.397684e+02,1.599864e+02,2.230981e+02,1.763861e+02,4.671206e+01,2.635212e+02,2.109642e+02,5.255699e+01,1.640722e+02,1.311204e+02,3.295176e+01,5.605494e+01,4.429910e+01,1.175584e+01
81,0,0,1.225516e+03,2.684830e+02,1.158275e+00,4.281725e+00,1.137507e+03,9.160284e+02,2.214785e+02,8.990059e+02,7.206221e+02,1.783838e+02,1.174842e+02,9.159896e+01,2.588529e+01,2.492917e+02,1.996581e+02,4.963361e+01,1.881656e+02,1.504454e+02,3.772024e+01,2.935597e+01,2.288113e+01,6.474847e+00
82,0,0,1.256633e+03,2.752962e+02,1.048426e+00,5.321574e+00,1.174909e+03,9.368181e+02,2.380905e+02,8.395363e+02,6.662205e+02,1.733158e+02,1.824484e+02,1.411971e+02,4.125121e+01,2.575096e+02,2.041923e+02,5.331726e+01,1.738104e+02,1.376037e+02,3.620668e+01,4.578559e+01,3.540362e+01,1.038198e+01
83,0,0,1.440834e+03,3.156573e+02,1.304367e+00,1.115633e+00,1.144444e+03,9.639435e+02,1.805001e+02,9.567391e+02,8.006385e+02,1.561005e+02,2.161951e+02,1.791832e+02,3.701187e+01,2.509082e+02,2.106881e+02,4.022010e+01,1.967365e+02,1.645563e+02,3.218020e+01,5.396744e+01,4.470492e+01,9.262520e+00
84,0,0,3.180609e+02,6.966652e+01,1.936482e+00,4.043518e+00,2.926777e+02,2.418726e+02,5.080510e+01,1.919524e+02,1.523604e+02,3.959207e+01,9.747392e+01,8.140021e+01,1.607371e+01,6.425451e+01,5.308859e+01,1.116592e+01,3.761893e+01,3.000981e+01,7.609117e+00,2.452543e+01,2.047009e+01,4.055336e+00
85,0,0,1.296146e+03,2.839286e+02,1.208982e+00,5.110182e-01,8.270980e+02,7.201411e+02,1.069569e+02,5.072135e+02,4.418237e+02,6.538984e+01,2.086677e+02,1.803441e+02,2.832354e+01,1.817708e+02,1.580228e+02,2.374796e+01,1.025696e+02,8.927463e+01,1.329497e+01,5.261947e+01,4.545089e+01,7.168579e+00
86,0,0,9.440712e+02,2.068362e+02,1.035176e+00,1.294824e+00,8.019574e+02,6.666330e+02,1.353244e+02,5.688946e+02,4.739497e+02,9.494499e+01,1.581330e+02,1.279293e+02,3.020374e+01,1.756165e+02,1.452866e+02,3.032994e+01,1.163023e+02,9.659480e+01,1.970751e+01,3.968757e+01,3.205837e+01,7.629204e+00
87,0,0,1.516648e+03,3.315380e+02,1.329081e+00,3.080919e+00,1.121670e+03,7.977040e+02,3.239658e+02,2.450803e+02,1.490517e+02,9.602861e+01,5.229672e+02,4.158702e+02,1.070970e+02,2.527343e+02,1.828151e+02,6.991925e+01,4.622579e+01,2.830177e+01,1.792401e+01,1.321321e+02,1.050650e+02,2.706704e+01
88,0,0,8.010378e+02,1.754624e+02,1.487996e+00,3.862004e+00,7.410161e+02,5.896910e+02,1.513251e+02,4.410256e+02,3.403800e+02,1.006456e+02,2.483190e+02,2.011212e+02,4.719780e+01,1.625652e+02,1.294109e+02,3.315432e+01,8.669567e+01,6.710790e+01,1.958777e+01,6.238228e+01,5.050594e+01,1.187634e+01
89,0,0,1.665232e+03,3.647944e+02,1.245350e+00,1.404650e+00,1.388813e+03,1.158418e+03,2.303942e+02,9.716992e+02,8.094362e+02,1.622631e+02,3.268508e+02,2.675663e+02,5.928445e+01,3.045534e+02,2.531035e+02,5.144986e+01,1.973945e+02,1.641770e+02,3.321754e+01,8.204298e+01,6.709081e+01,1.495217e+01
90,0,0,6.469452e+02,1.417383e+02,9.266126e-01,1.143387e+00,5.372120e+02,4.434216e+02,9.379039e+01,3.906381e+02,3.227857e+02,6.785242e+01,8.998107e+01,7.234777e+01,1.763330e+01,1.176443e+02,9.664641e+01,2.099791e+01,8.042145e+01,6.624889e+01,1.417255e+01,2.257053e+01,1.812410e+01,4.446436e+00
91,0,0,9.887039e+02,2.166084e+02,7.319692e-01,4.380308e-01,6.527187e+02,5.613213e+02,9.139740e+01,5.731334e+02,4.932274e+02,7.990604e+01,5.476498e+01,4.620554e+01,8.559440e+00,1.427486e+02,1.223487e+02,2.039998e+01,1.202646e+02,1.032041e+02,1.706048e+01,1.364079e+01,1.149828e+01,2.142511e+00
92,0,0,2.563900e+02,5.616672e+01,5.300043e-01,1.199957e-01,1.062706e+02,9.677915e+01,9.491464e+00,8.827815e+01,8.046260e+01,7.815546e+00,4.411410e+00,3.985101e+00,4.263088e-01,2.325891e+01,2.115131e+01,2.107596e+00,1.867404e+01,1.699581e+01,1.678228e+00,1.104216e+00,9.970817e-01,1.071341e-01
93,0,0,1.681987e+03,3.684721e+02,1.376818e+00,8.731819e-01,1.185953e+03,9.978546e+02,1.880981e+02,8.135125e+02,6.850707e+02,1.284418e+02,3.285028e+01,2.736240e+01,5.487884e+00,2.605991e+02,2.188881e+02,4.171106e+01,1.728654e+02,1.454148e+02,2.745053e+01,8.263635e+00,6.885054e+00,1.378581e+00
94,0,0,6.274903e+02,1.373889e+02,1.001291e+00,7.387094e-01,4.245807e+02,3.489817e+02,7.559905e+01,6.043120e+01,4.927291e+01,1.115829e+01,1.374941e+02,1.140097e+02,2.348437e+01,9.410848e+01,7.740442e+01,1.670406e+01,1.171412e+01,9.557063e+00,2.157060e+00,3.495912e+01,2.896190e+01,5.997225e+00
95,0,0,5.016906e+02,1.098879e+02,9.911019e-01,3.878898e+00,4.689745e+02,3.643234e+02,1.046511e+02,3.293416e+02,2.496240e+02,7.971760e+01,1.481667e+02,1.136469e+02,3.451973e+01,1.028632e+02,7.958488e+01,2.327833e+01,6.541139e+01,4.967401e+01,1.573738e+01,3.715291e+01,2.846207e+01,8.690840e+00
96,0,0,1.694440e+03,3.712260e+02,1.400413e+00,4.729587e+00,1.612408e+03,1.342159e+03,2.702487e+02,1.162602e+03,9.619535e+02,2.006482e+02,2.655583e+02,2.151022e+02,5.045606e+01,3.531248e+02,2.924935e+02,6.063134e+01,2.389200e+02,1.973518e+02,4.156817e+01,6.662937e+01,5.390431e+01,1.272507e+01
97,0,0,3.694876e+02,8.094932e+01,9.908627e-01,3.049137e+00,3.526890e+02,2.814969e+02,7.119213e+01,2.603700e+02,2.074050e+02,5.296499e+01,6.313384e+01,4.861211e+01,1.452174e+01,7.725191e+01,6.126191e+01,1.598999e+01,5.349391e+01,4.246962e+01,1.102429e+01,1.581194e+01,1.215477e+01,3.657173e+00
98,0,0,5.862016e+02,1.283615e+02,1.171241e+00,2.198759e+00,4.998442e+02,3.831005e+02,1.167437e+02,2.240108e+02,1.682339e+02,5.577691e+01,1.631724e+02,1.286606e+02,3.451176e+01,1.101529e+02,8.461187e+01,2.554101e+01,4.420772e+01,3.326882e+01,1.093890e+01,4.119030e+01,3.246976e+01,8.720547e+00
99,0,0,2.228526e+02,4.878576e+01,9.841494e-01,1.065851e+00,1.616392e+02,1.272729e+02,3.436622e+01,7.131502e+01,5.534684e+01,1.596818e+01,6.573428e+01,5.267828e+01,1.305599e+01,3.586296e+01,2.826781e+01,7.595145e+00,1.393156e+01,1.081520e+01,3.116361e+00,1.656414e+01,1.326493e+01,3.299203e+00
100,0,0,7.117534e+02,1.559372e+02,8.526980e-01,5.973020e-01,5.094252e+02,4.340077e+02,7.541745e+01,3.816573e+02,3.261342e+02,5.552310e+01,9.430978e+01,7.874671e+01,1.556307e+01,1.114999e+02,9.465269e+01,1.684717e+01,7.847250e+01,6.687254e+01,1.159996e+01,2.359952e+01,1.968243e+01,3.917096e+00
